[{"StationId":7189,"StationOrder":0,"StationDirection":0,"RouteId":212,"StationName":"Cressent mall","pathPoints":"","Address":"Cressent mall, đường Lê Hoàng Thái, Quận 7","Lat":10.728913,"Lng":106.719781},{"StationId":1243,"StationOrder":1,"StationDirection":0,"RouteId":212,"StationName":"Trần Văn Trà","pathPoints":"106.71977997,10.72891331 106.72007751,10.72915554 106.72258759,10.72509670 106.72099304,10.72410107","Address":"Đ/d trường CĐ Công nghệ và QTDN, đường Trần Văn Trà, Quận 7","Lat":10.724101,"Lng":106.720993},{"StationId":7207,"StationOrder":2,"StationDirection":0,"RouteId":212,"StationName":"Đường N","pathPoints":"106.72099304,10.72410107 106.71751404,10.72193432 106.71646881,10.72360992","Address":"Đối diện Gadent Court 2, đường Đường N, Quận 7","Lat":10.72361,"Lng":106.716465},{"StationId":7187,"StationOrder":3,"StationDirection":0,"RouteId":212,"StationName":"Family mart","pathPoints":"106.71646881,10.72360992 106.71613312,10.72408962 106.71517944,10.72351456","Address":"Family mart, đường Tôn Dật Tiên, Quận 7","Lat":10.723515,"Lng":106.715183},{"StationId":7188,"StationOrder":4,"StationDirection":0,"RouteId":212,"StationName":"Hight land","pathPoints":"106.71517944,10.72351456 106.71282959,10.72214031","Address":"Cafe Hight land, đường Tôn Dật Tiên, Quận 7","Lat":10.72214,"Lng":106.712828},{"StationId":1203,"StationOrder":5,"StationDirection":0,"RouteId":212,"StationName":"Trường Nam Sài Gòn","pathPoints":"106.71282959,10.72214031 106.71236420,10.72184467 106.71196747,10.72155476 106.71144867,10.72160244 106.71124268,10.72166061 106.71087646,10.72186089 106.70994568,10.72275066","Address":"Đ/d Trường Nam Sài Gòn, đường Nguyễn Đức Cảnh, Quận 7","Lat":10.722751,"Lng":106.709948},{"StationId":7071,"StationOrder":6,"StationDirection":0,"RouteId":212,"StationName":"Hà Huy Tập","pathPoints":"106.70994568,10.72275066 106.70907593,10.72354698 106.70880890,10.72387409 106.70874023,10.72410583 106.70873260,10.72425842 106.70869446,10.72675705","Address":"SC5-1 Mỹ Khánh, đường Nguyễn Đức Cảnh, Quận 7","Lat":10.726757,"Lng":106.708692},{"StationId":7181,"StationOrder":7,"StationDirection":0,"RouteId":212,"StationName":"Đường số 6","pathPoints":"106.70869446,10.72675705 106.70861816,10.72935581 106.70682526,10.72931290 106.70680237,10.72988224","Address":"Bon BBQ, đường Phan Văn Nghị, Quận 7","Lat":10.729882,"Lng":106.706804},{"StationId":7180,"StationOrder":8,"StationDirection":0,"RouteId":212,"StationName":"Paris Baguette","pathPoints":"106.70680237,10.72988224 106.70677185,10.73079967 106.70661163,10.73077774","Address":"Công viên cạnh Paris Baguette, đường Phan Văn Nghị, Quận 7","Lat":10.730778,"Lng":106.706611},{"StationId":7180,"StationOrder":0,"StationDirection":1,"RouteId":212,"StationName":"Paris Baguette","pathPoints":"","Address":"Công viên cạnh Paris Baguette, đường Phan Văn Nghị, Quận 7","Lat":10.730778,"Lng":106.706611},{"StationId":7182,"StationOrder":1,"StationDirection":1,"RouteId":212,"StationName":"Nguyễn Văn Linh","pathPoints":"106.70661163,10.73077774 106.70668030,10.73079395 106.70671082,10.73007202 106.70851135,10.73012447 106.70849609,10.72947121","Address":"R1-49, đường Bùi Bằng Đoàn, Quận 7","Lat":10.729471,"Lng":106.708499},{"StationId":7183,"StationOrder":2,"StationDirection":1,"RouteId":212,"StationName":"Phạm Thái Bường","pathPoints":"106.70849609,10.72947121 106.70855713,10.72733688 106.70947266,10.72734165 106.70951080,10.72729969","Address":"315, đường Phạm Thái Bường, Quận 7","Lat":10.7273,"Lng":106.709508},{"StationId":7184,"StationOrder":3,"StationDirection":1,"RouteId":212,"StationName":"Công viên Mỹ Kim","pathPoints":"106.70951080,10.72729969 106.71224213,10.72739506 106.71232605,10.72433281 106.71221924,10.72432709","Address":"Công viên Mỹ Kim, đường Nguyễn Cao, Quận 7","Lat":10.724327,"Lng":106.712222},{"StationId":7185,"StationOrder":4,"StationDirection":1,"RouteId":212,"StationName":"Cửa hàng Chuồn chuồn đỏ","pathPoints":"106.71221924,10.72432709 106.71231079,10.72431660 106.71238708,10.72156525 106.71248627,10.72152805 106.71318817,10.72190762","Address":"Cửa hàng Chuồn chuồn đỏ, đường Tôn Dật Tiên, Quận 7","Lat":10.721908,"Lng":106.713188},{"StationId":7186,"StationOrder":5,"StationDirection":1,"RouteId":212,"StationName":"Sen Vàng","pathPoints":"106.71318817,10.72190762 106.71556854,10.72332001","Address":"Golden Lotus, đường Tôn Dật Tiên, Quận 7","Lat":10.72332,"Lng":106.715569},{"StationId":7206,"StationOrder":6,"StationDirection":1,"RouteId":212,"StationName":"Đường N","pathPoints":"106.71556854,10.72332001 106.71626282,10.72380543 106.71636200,10.72357941","Address":"Gadent Court 2, đường Đường N, Quận 7","Lat":10.723579,"Lng":106.716363},{"StationId":1260,"StationOrder":7,"StationDirection":1,"RouteId":212,"StationName":"Trần Văn Trà","pathPoints":"106.71636200,10.72357941 106.71749115,10.72177601 106.72125244,10.72407436","Address":"Trường CĐBC Công nghệ và QTDN, đường Trần Văn Trà, Quận 7","Lat":10.724074,"Lng":106.72125},{"StationId":7189,"StationOrder":8,"StationDirection":1,"RouteId":212,"StationName":"Cressent mall","pathPoints":"106.72125244,10.72407436 106.72267151,10.72495937 106.72006226,10.72909737 106.71977997,10.72891331","Address":"Cressent mall, đường Lê Hoàng Thái, Quận 7","Lat":10.728913,"Lng":106.719781}]