[{"StationId":1054,"StationOrder":0,"StationDirection":0,"RouteId":25,"StationName":"Phú Xuân","pathPoints":"","Address":"Bến Phú Xuân, đường Đường số 15B, Quận 7","Lat":10.703697,"Lng":106.732317},{"StationId":1057,"StationOrder":1,"StationDirection":0,"RouteId":25,"StationName":"Khu dân cư Kỹ Nguyên","pathPoints":"106.73227692,10.70392036 106.73238373,10.70456028 106.73522949,10.70489979","Address":"63-65, đường Phạm Hữu Lầu, Quận 7","Lat":10.704788,"Lng":106.735198},{"StationId":1364,"StationOrder":2,"StationDirection":0,"RouteId":25,"StationName":"Phạm Hữu Lầu","pathPoints":"106.73522949,10.70489311 106.73763275,10.70519352 106.73749542,10.70611382 106.73749542,10.70611382","Address":"1697-1699, đường Huỳnh Tấn Phát, Quận 7","Lat":10.705547,"Lng":106.737649},{"StationId":1363,"StationOrder":3,"StationDirection":0,"RouteId":25,"StationName":"Chùa Pháp Hoa","pathPoints":"106.73742676,10.70610046 106.73734283,10.70683956 106.73725891,10.70855999","Address":"Đối diện 1422 (1611), đường Huỳnh Tấn Phát, Quận 7","Lat":10.708926,"Lng":106.737381},{"StationId":1367,"StationOrder":4,"StationDirection":0,"RouteId":25,"StationName":"An Chánh Dương","pathPoints":"106.73725128,10.70860004 106.73715973,10.71053028","Address":"1543, đường Huỳnh Tấn Phát, Quận 7","Lat":10.711134,"Lng":106.737242},{"StationId":1365,"StationOrder":5,"StationDirection":0,"RouteId":25,"StationName":"Trường Ngô Quyền","pathPoints":"106.73715973,10.71053028 106.73703766,10.71273041","Address":"1424 (1503/7), đường Huỳnh Tấn Phát, Quận 7","Lat":10.712795,"Lng":106.737177},{"StationId":1370,"StationOrder":6,"StationDirection":0,"RouteId":25,"StationName":"Ủy ban phường Phú Mỹ","pathPoints":"106.73712158,10.71273613 106.73712158,10.71273613 106.73699951,10.71439171 106.73484039,10.71393585","Address":"Ủy ban phường Phú Mỹ, đường Hoàng Quốc Việt, Quận 7","Lat":10.713991,"Lng":106.734817},{"StationId":1368,"StationOrder":7,"StationDirection":0,"RouteId":25,"StationName":"Mầm non Cánh Thiên Thần","pathPoints":"106.73484039,10.71393585 106.73267365,10.71345901","Address":"120M (Ngân hàng Agribank), đường Hoàng Quốc Việt, Quận 7","Lat":10.713469,"Lng":106.732655},{"StationId":1372,"StationOrder":8,"StationDirection":0,"RouteId":25,"StationName":"Mỹ Khang","pathPoints":"106.73267365,10.71345901 106.73173523,10.71317959 106.73149872,10.71320534 106.73003387,10.71549034","Address":"SD4-1, Lô S19-2, đường Nguyễn Lương Bằng, Quận 7","Lat":10.715599,"Lng":106.730096},{"StationId":1369,"StationOrder":9,"StationDirection":0,"RouteId":25,"StationName":"Nam Viên","pathPoints":"106.73003387,10.71549034 106.72841644,10.71818924","Address":"Trường tiểu học Việt Pháp, đường Nguyễn Lương Bằng, Quận 7","Lat":10.71825,"Lng":106.728476},{"StationId":1240,"StationOrder":10,"StationDirection":0,"RouteId":25,"StationName":"Mỹ Thái 2","pathPoints":"106.72841644,10.71818924 106.72635651,10.72158146","Address":"Đ/d Chung cư Riverside, đường Nguyễn Lương Bằng, Quận 7","Lat":10.721022,"Lng":106.726738},{"StationId":1241,"StationOrder":11,"StationDirection":0,"RouteId":25,"StationName":"Trường Nam Sài Gòn","pathPoints":"106.72635651,10.72158146 106.72419739,10.72506237","Address":"Đối diện trường Nam Sài Gòn, đường Nguyễn Lương Bằng, Quận 7","Lat":10.725255,"Lng":106.724174},{"StationId":1371,"StationOrder":12,"StationDirection":0,"RouteId":25,"StationName":"Tân Trào","pathPoints":"106.72419739,10.72506237 106.72187805,10.72875214","Address":"Đối diện VP Đội Bảo vệ, đường Nguyễn Lương Bằng, Quận 7","Lat":10.728538,"Lng":106.722114},{"StationId":1375,"StationOrder":13,"StationDirection":0,"RouteId":25,"StationName":"Bệnh viện Tim Tâm Đức","pathPoints":"106.72187805,10.72875214 106.71888733,10.73364449","Address":"Đối diện bệnh viện tim Tâm Đức, đường Nguyễn Lương Bằng, Quận 7","Lat":10.733488,"Lng":106.71904},{"StationId":1377,"StationOrder":14,"StationDirection":0,"RouteId":25,"StationName":"Chợ Tân Mỹ","pathPoints":"106.71891022,10.73357010 106.71846771,10.73429012 106.71824646,10.73464966 106.71820068,10.73478031 106.71817017,10.73486996 106.71820831,10.73581028 106.71817780,10.73596954 106.71826172,10.73696041 106.71827698,10.73735046","Address":"Chung cư Tân Mỹ, đường Tân Mỹ, Quận 7","Lat":10.735532,"Lng":106.718252},{"StationId":1373,"StationOrder":15,"StationDirection":0,"RouteId":25,"StationName":"Lâm Văn Bền","pathPoints":"106.71827698,10.73735046 106.71833038,10.73822021 106.71804810,10.73822975 106.71672058,10.73832035","Address":"222, đường Nguyễn Thị Thập, Quận 7","Lat":10.738384,"Lng":106.717485},{"StationId":1374,"StationOrder":16,"StationDirection":0,"RouteId":25,"StationName":"Mai Văn Vĩnh","pathPoints":"106.71672058,10.73832035 106.71266174,10.73857975","Address":"326, đường Nguyễn Thị Thập, Quận 7","Lat":10.738621,"Lng":106.713333},{"StationId":1378,"StationOrder":17,"StationDirection":0,"RouteId":25,"StationName":"Đường số 38","pathPoints":"106.71266174,10.73857975 106.71201324,10.73863983 106.71121216,10.73875999 106.71011353,10.73892975","Address":"392, đường Nguyễn Thị Thập, Quận 7","Lat":10.738964,"Lng":106.710484},{"StationId":1376,"StationOrder":18,"StationDirection":0,"RouteId":25,"StationName":"Khu dân cư Tân Quy Đông","pathPoints":"106.71011353,10.73892975 106.70751190,10.73931026","Address":"450, đường Nguyễn Thị Thập, Quận 7","Lat":10.739401,"Lng":106.707614},{"StationId":1380,"StationOrder":19,"StationDirection":0,"RouteId":25,"StationName":"Lotte Mark","pathPoints":"106.70751190,10.73934937 106.70363617,10.73994923 106.70368958,10.74020767","Address":"359, đường Lê Văn Lương, Quận 7","Lat":10.740208,"Lng":106.70369},{"StationId":1382,"StationOrder":20,"StationDirection":0,"RouteId":25,"StationName":"Đường số 15","pathPoints":"106.70361328,10.74022007 106.70401001,10.74250984 106.70423126,10.74417973","Address":"265, đường Lê Văn Lương, Quận 7","Lat":10.744471,"Lng":106.70432},{"StationId":1251,"StationOrder":21,"StationDirection":0,"RouteId":25,"StationName":"Cầu Kinh Tẻ","pathPoints":"106.70423126,10.74417973 106.70433044,10.74499035 106.70250702,10.74522972 106.70230865,10.74538040 106.70217896,10.74551010 106.70207214,10.74571991 106.70201111,10.74592972 106.70200348,10.74627018 106.70211792,10.74703026 106.70237732,10.74864006","Address":"Đối diện 44/9, đường Nguyễn Hữu Thọ, Quận 7","Lat":10.746832,"Lng":106.702266},{"StationId":4424,"StationOrder":22,"StationDirection":0,"RouteId":25,"StationName":"Hồ Bơi Quận 4","pathPoints":"106.70246124,10.74862385 106.70209503,10.75481129 106.70072937,10.75683022","Address":"120-122, đường Khánh Hội, Quận 4","Lat":10.756867,"Lng":106.700705},{"StationId":1250,"StationOrder":23,"StationDirection":0,"RouteId":25,"StationName":"Chung cư Tân Vĩnh","pathPoints":"106.70072937,10.75683022 106.69921112,10.75884819","Address":"202-204, đường Khánh Hội, Quận 4","Lat":10.758727,"Lng":106.699315},{"StationId":1253,"StationOrder":24,"StationDirection":0,"RouteId":25,"StationName":"Hoàng Diệu","pathPoints":"106.69914246,10.75887012 106.69864655,10.75953007 106.69851685,10.75963974 106.69918823,10.76012039","Address":"303-305, đường Hoàng Diệu, Quận 4","Lat":10.760082,"Lng":106.699321},{"StationId":1379,"StationOrder":25,"StationDirection":0,"RouteId":25,"StationName":"Cầu Ông Lãnh","pathPoints":"106.69918823,10.76012039 106.69972992,10.76053047 106.70041656,10.76099968 106.69986725,10.76181984 106.69959259,10.76220036 106.69931793,10.76249027 106.69872284,10.76309967 106.69805145,10.76377010 106.69786835,10.76395988 106.69760895,10.76432037 106.69657135,10.76603985","Address":"82 - 84, đường Nguyễn Thái Học, Quận 1","Lat":10.766253,"Lng":106.696612},{"StationId":1385,"StationOrder":26,"StationDirection":0,"RouteId":25,"StationName":"Trường Nguyễn Thái Học","pathPoints":"106.69668579,10.76610947 106.69583130,10.76731968 106.69628143,10.76763535","Address":"141-149, đường Lê Thị Hồng Gấm, Quận 1","Lat":10.767602,"Lng":106.696236},{"StationId":120,"StationOrder":27,"StationDirection":0,"RouteId":25,"StationName":"Trường Ernst Thalmann","pathPoints":"106.69623566,10.76760197 106.69623566,10.76760197 106.69628143,10.76763535 106.69628143,10.76763535 106.69629669,10.76771832 106.69692993,10.76826096 106.69644928,10.76933002 106.69592285,10.76877213 106.69592285,10.76877213 106.69592285,10.76877213 106.69592285,10.76877213","Address":"8, đường Trần Hưng Đạo, Quận 1","Lat":10.768772,"Lng":106.695923},{"StationId":121,"StationOrder":28,"StationDirection":0,"RouteId":25,"StationName":"KTX Trần Hưng Đạo","pathPoints":"106.69592285,10.76877213 106.69469452,10.76736259","Address":"10, đường Trần Hưng Đạo, Quận 1","Lat":10.767363,"Lng":106.694695},{"StationId":122,"StationOrder":29,"StationDirection":0,"RouteId":25,"StationName":"Rạp Hưng Đạo","pathPoints":"106.69469452,10.76736259 106.69337463,10.76583195","Address":"112, đường Trần Hưng Đạo, Quận 1","Lat":10.765832,"Lng":106.693375},{"StationId":123,"StationOrder":30,"StationDirection":0,"RouteId":25,"StationName":"Bệnh viện Răng Hàm Mặt","pathPoints":"106.69337463,10.76583195 106.69169617,10.76391792","Address":"150, đường Trần Hưng Đạo, Quận 1","Lat":10.763918,"Lng":106.691696},{"StationId":124,"StationOrder":31,"StationDirection":0,"RouteId":25,"StationName":"Trần Đình Xu","pathPoints":"106.69169617,10.76391792 106.69024658,10.76226234","Address":"210 - 212, đường Trần Hưng Đạo, Quận 1","Lat":10.762262,"Lng":106.690247},{"StationId":125,"StationOrder":32,"StationDirection":0,"RouteId":25,"StationName":"Tổng Cty Samco","pathPoints":"106.69024658,10.76226234 106.68779755,10.75940895","Address":"262, đường Trần Hưng Đạo, Quận 1","Lat":10.759409,"Lng":106.687798},{"StationId":126,"StationOrder":33,"StationDirection":0,"RouteId":25,"StationName":"Chợ Nanci","pathPoints":"106.68784332,10.75938034 106.68657684,10.75798035 106.68608856,10.75741959","Address":"290, đường Trần Hưng Đạo, Quận 1","Lat":10.757467,"Lng":106.686035},{"StationId":1381,"StationOrder":34,"StationDirection":0,"RouteId":25,"StationName":"Nhà Sách Nguyễn Văn Cừ","pathPoints":"106.68603516,10.75746727 106.68608856,10.75741959 106.68524170,10.75657177 106.68483734,10.75753117 106.68493652,10.75756741","Address":"110-112, đường Nguyễn Văn Cừ, Quận 1","Lat":10.757567,"Lng":106.684937},{"StationId":1021,"StationOrder":35,"StationDirection":0,"RouteId":25,"StationName":"Nguyễn Trãi","pathPoints":"106.68493652,10.75756741 106.68493652,10.75756741 106.68482971,10.75752068 106.68376923,10.76031399 106.68376923,10.76031399","Address":"Đối diện số 205 - 207, đường Nguyễn Văn Cừ, Quận 1","Lat":10.760314,"Lng":106.683769},{"StationId":426,"StationOrder":36,"StationDirection":0,"RouteId":25,"StationName":"Đại học Sư Phạm","pathPoints":"106.68376923,10.76031399 106.68376923,10.76031399 106.68376923,10.76031399 106.68341827,10.76124668 106.68267059,10.76103020 106.68267059,10.76103020 106.68267059,10.76103020","Address":"280, đường An Dương Vương, Quận 5","Lat":10.76103,"Lng":106.68267},{"StationId":429,"StationOrder":37,"StationDirection":0,"RouteId":25,"StationName":"Chợ Bầu Sen","pathPoints":"106.68267059,10.76103020 106.68267059,10.76103020 106.68267059,10.76103020 106.67885590,10.75940132 106.67876434,10.75940704 106.67876434,10.75940704 106.67876434,10.75940704","Address":"370, đường An Dương Vương, Quận 5","Lat":10.759407,"Lng":106.678764},{"StationId":427,"StationOrder":38,"StationDirection":0,"RouteId":25,"StationName":"Huỳnh Mẫn Đạt","pathPoints":"106.67876434,10.75940704 106.67876434,10.75940704 106.67870331,10.75933361 106.67535400,10.75798416 106.67527008,10.75798416 106.67527008,10.75798416","Address":"526, đường An Dương Vương, Quận 5","Lat":10.757984,"Lng":106.675272},{"StationId":430,"StationOrder":39,"StationDirection":0,"RouteId":25,"StationName":"Chợ An Đông","pathPoints":"106.67527008,10.75798416 106.67478180,10.75777340 106.67424011,10.75758362 106.67418671,10.75762558 106.67412567,10.75764179 106.67405701,10.75763130 106.67398071,10.75759983 106.67353058,10.75753593","Address":"Đối diện số 3, đường An Dương Vương, Quận 5","Lat":10.757536,"Lng":106.673534},{"StationId":428,"StationOrder":40,"StationDirection":0,"RouteId":25,"StationName":"Bệnh viện Nguyễn Tri Phương","pathPoints":"106.67353058,10.75753593 106.67353058,10.75753593 106.67209625,10.75722027 106.67065430,10.75696659 106.67065430,10.75696659","Address":"102C-D, đường An Dương Vương, Quận 5","Lat":10.756967,"Lng":106.670653},{"StationId":432,"StationOrder":41,"StationDirection":0,"RouteId":25,"StationName":"Công viên Văn Lang","pathPoints":"106.67065430,10.75696659 106.67065430,10.75693512 106.66966248,10.75673008 106.66956329,10.75714588 106.66961670,10.75715065","Address":"132A, đường Nguyễn Tri Phương, Quận 5","Lat":10.757151,"Lng":106.669613},{"StationId":431,"StationOrder":42,"StationDirection":0,"RouteId":25,"StationName":"Công viên Văn Lang","pathPoints":"106.66961670,10.75715065 106.66956329,10.75714588 106.66944885,10.75764656 106.66859436,10.75722027 106.66856384,10.75725746","Address":"116A, đường Hùng Vương, Quận 5","Lat":10.757257,"Lng":106.668566},{"StationId":433,"StationOrder":43,"StationDirection":0,"RouteId":25,"StationName":"Bệnh viện Phạm Ngọc Thạch","pathPoints":"106.66856384,10.75725746 106.66856384,10.75725746 106.66786194,10.75683022 106.66710663,10.75651360 106.66664886,10.75636005 106.66629028,10.75627136 106.66451263,10.75589657 106.66451263,10.75589657","Address":"120, đường Hồng Bàng, Quận 5","Lat":10.755897,"Lng":106.664511},{"StationId":434,"StationOrder":44,"StationDirection":0,"RouteId":25,"StationName":"Hùng Vương Plaza","pathPoints":"106.66451263,10.75589657 106.66451263,10.75589657 106.66448975,10.75584984 106.66111755,10.75516987 106.66107178,10.75519562 106.66107178,10.75519562","Address":"132, đường Hồng Bàng, Quận 5","Lat":10.755196,"Lng":106.661072},{"StationId":436,"StationOrder":45,"StationDirection":0,"RouteId":25,"StationName":"Bệnh viện Chợ Rẫy","pathPoints":"106.66107178,10.75519562 106.66107178,10.75519562 106.66106415,10.75515938 106.65954590,10.75484276 106.65950012,10.75487518 106.65950012,10.75487518","Address":"172, đường Hồng Bàng, Quận 5","Lat":10.754875,"Lng":106.659501},{"StationId":435,"StationOrder":46,"StationDirection":0,"RouteId":25,"StationName":"Thuận Kiều Plaza","pathPoints":"106.65950012,10.75487518 106.65950012,10.75487518 106.65947723,10.75484276 106.65797424,10.75454807 106.65793610,10.75457954 106.65793610,10.75457954","Address":"Đối diện 385, đường Hồng Bàng, Quận 5","Lat":10.75458,"Lng":106.657934},{"StationId":438,"StationOrder":47,"StationDirection":0,"RouteId":25,"StationName":"Dương Tử Giang","pathPoints":"106.65793610,10.75457954 106.65793610,10.75457954 106.65794373,10.75453758 106.65553284,10.75409508 106.65551758,10.75415802 106.65551758,10.75415802","Address":"Đối diện 455-457, đường Hồng Bàng, Quận 5","Lat":10.754158,"Lng":106.65552},{"StationId":1010,"StationOrder":48,"StationDirection":0,"RouteId":25,"StationName":"Bến xe Chợ Lớn","pathPoints":"106.65551758,10.75412655 106.65384674,10.75377369 106.65254211,10.75362015","Address":"266, đường Hồng Bàng, Quận 5","Lat":10.753657,"Lng":106.652559},{"StationId":620,"StationOrder":49,"StationDirection":0,"RouteId":25,"StationName":"Cây Mai","pathPoints":"106.65255737,10.75365734 106.65255737,10.75365734 106.65180206,10.75356197 106.65080261,10.75348377 106.64926147,10.75368881 106.64926147,10.75368881","Address":"384, đường Hồng Bàng, Quận 11","Lat":10.753689,"Lng":106.64926},{"StationId":622,"StationOrder":50,"StationDirection":0,"RouteId":25,"StationName":"Lò Siêu","pathPoints":"106.64926147,10.75368881 106.64924622,10.75365734 106.64683533,10.75390339 106.64678955,10.75395203","Address":"508, đường Hồng Bàng, Quận 11","Lat":10.753952,"Lng":106.646787},{"StationId":624,"StationOrder":51,"StationDirection":0,"RouteId":25,"StationName":"Cây Gõ","pathPoints":"106.64678955,10.75395203 106.64678955,10.75395203 106.64577484,10.75399494 106.64437103,10.75423241 106.64437103,10.75423241","Address":"638-640, đường Hồng Bàng, Quận 11","Lat":10.754232,"Lng":106.644368},{"StationId":623,"StationOrder":52,"StationDirection":0,"RouteId":25,"StationName":"Tân Hóa","pathPoints":"106.64437103,10.75423241 106.64437103,10.75423241 106.64173126,10.75445843 106.63909149,10.75474834","Address":"732, đường Hồng Bàng, Quận 11","Lat":10.754748,"Lng":106.639089},{"StationId":626,"StationOrder":53,"StationDirection":0,"RouteId":25,"StationName":"Cầu Ông Buông","pathPoints":"106.63909149,10.75474834 106.63842773,10.75477028 106.63842773,10.75477028 106.63842773,10.75477028 106.63742828,10.75482178 106.63703156,10.75484276 106.63661194,10.75482178 106.63609314,10.75479031 106.63559723,10.75467968 106.63557434,10.75473213 106.63557434,10.75473213 106.63557434,10.75473213 106.63557434,10.75473213","Address":"832-834, đường Hồng Bàng, Quận 6","Lat":10.754732,"Lng":106.635574},{"StationId":627,"StationOrder":54,"StationDirection":0,"RouteId":25,"StationName":"Vòng xoay Phú Lâm","pathPoints":"106.63557434,10.75473213 106.63557434,10.75473213 106.63557434,10.75473213 106.63468933,10.75419521 106.63458252,10.75427914 106.63442993,10.75428963 106.63423920,10.75423145 106.63411713,10.75397396 106.63414001,10.75377369 106.63344574,10.75335121 106.63336182,10.75334644 106.63336182,10.75334644","Address":"528, đường Kinh Dương Vương, Quận 6","Lat":10.753346,"Lng":106.633365},{"StationId":628,"StationOrder":55,"StationDirection":0,"RouteId":25,"StationName":"Cư Xá Phú Lâm","pathPoints":"106.63336182,10.75334644 106.63336182,10.75330448 106.63094330,10.75146008 106.63088989,10.75147533","Address":"40-42(580), đường Kinh Dương Vương, Quận 6","Lat":10.751475,"Lng":106.63089},{"StationId":629,"StationOrder":56,"StationDirection":0,"RouteId":25,"StationName":"Hồ Bơi Phú Lâm","pathPoints":"106.63088989,10.75147533 106.63090515,10.75143814 106.62848663,10.74956226 106.62843323,10.74958897","Address":"94-96, đường Kinh Dương Vương, Quận 6","Lat":10.749589,"Lng":106.628435},{"StationId":1386,"StationOrder":57,"StationDirection":0,"RouteId":25,"StationName":"Công Viên Phú Lâm","pathPoints":"106.62843323,10.74958897 106.62843323,10.74958897 106.62844849,10.74955177 106.62452698,10.74638367 106.62452698,10.74638367","Address":"Đối diện 907, đường Kinh Dương Vương, Quận 6","Lat":10.746384,"Lng":106.624525},{"StationId":117,"StationOrder":58,"StationDirection":0,"RouteId":25,"StationName":"Vòng xoay Kinh Dương Vương","pathPoints":"106.62452698,10.74638367 106.62452698,10.74638367 106.62452698,10.74639320 106.62423706,10.74609947 106.62381744,10.74569893 106.62369537,10.74568844 106.62362671,10.74563026 106.62351990,10.74555206 106.62254333,10.74473953 106.62247467,10.74474621 106.62247467,10.74474621 106.62247467,10.74474621","Address":"212-214, đường Kinh Dương Vương, Quận Bình Tân","Lat":10.744746,"Lng":106.622475},{"StationId":116,"StationOrder":59,"StationDirection":0,"RouteId":25,"StationName":"Bến xe Miền Tây","pathPoints":"106.62247467,10.74474621 106.62247467,10.74474621 106.62247467,10.74474621 106.62250519,10.74470329 106.61915588,10.74193573 106.61909485,10.74197292 106.61909485,10.74197292","Address":"358-360, đường Kinh Dương Vương, Quận Bình Tân","Lat":10.741973,"Lng":106.619096},{"StationId":4150,"StationOrder":60,"StationDirection":0,"RouteId":25,"StationName":"428, Kinh Dương Vương","pathPoints":"106.61909485,10.74197292 106.61907196,10.74188900 106.61847687,10.74138260 106.61837769,10.74138260","Address":"428, đường Kinh Dương Vương, Quận Bình Tân","Lat":10.741383,"Lng":106.618377},{"StationId":725,"StationOrder":61,"StationDirection":0,"RouteId":25,"StationName":"Bến xe Miền Tây","pathPoints":"106.61837769,10.74138260 106.61837769,10.74138260 106.61837769,10.74138260 106.61843109,10.74134064 106.61802673,10.74096107 106.61816406,10.74084473 106.61831665,10.74070454 106.61831665,10.74070454 106.61831665,10.74070454","Address":"Bến xe Miền Tây, đường Kinh Dương Vương, Quận Bình Tân","Lat":10.740705,"Lng":106.618317},{"StationId":725,"StationOrder":0,"StationDirection":1,"RouteId":25,"StationName":"Bến xe Miền Tây","pathPoints":"","Address":"Bến xe Miền Tây, đường Kinh Dương Vương, Quận Bình Tân","Lat":10.740705,"Lng":106.618317},{"StationId":4149,"StationOrder":1,"StationDirection":1,"RouteId":25,"StationName":"Chợ An Lạc ","pathPoints":"106.61831665,10.74070454 106.61927795,10.74153042 106.61914825,10.74167824 106.62128448,10.74347210 106.62136078,10.74339581","Address":"49-51 (317) - KIA , đường Kinh Dương Vương, Quận Bình Tân","Lat":10.743396,"Lng":106.62136},{"StationId":140,"StationOrder":2,"StationDirection":1,"RouteId":25,"StationName":"Kinh Dương Vương","pathPoints":"106.62128400,10.74347200 106.62307700,10.74498500","Address":"7, đường Kinh Dương Vương, Quận Bình Tân","Lat":10.744919,"Lng":106.623162},{"StationId":718,"StationOrder":3,"StationDirection":1,"RouteId":25,"StationName":"Công viên Phú Lâm","pathPoints":"106.62307739,10.74498463 106.62307739,10.74498463 106.62366486,10.74528313 106.62394714,10.74537754 106.62397003,10.74564075 106.62609100,10.74755955 106.62633514,10.74775982","Address":"209 , đường Kinh Dương Vương, Quận 6","Lat":10.747549,"Lng":106.626257},{"StationId":715,"StationOrder":4,"StationDirection":1,"RouteId":25,"StationName":"Hồ Bơi Phú Lâm","pathPoints":"106.62633514,10.74775982 106.62647247,10.74790192 106.62755585,10.74875069 106.62772369,10.74887657","Address":"157 , đường Kinh Dương Vương, Quận 6","Lat":10.748914,"Lng":106.627963},{"StationId":720,"StationOrder":5,"StationDirection":1,"RouteId":25,"StationName":"Cư xá Phú Lâm","pathPoints":"106.62772369,10.74887657 106.62799072,10.74909878 106.63078308,10.75117493 106.63075256,10.75120068","Address":"93, đường Kinh Dương Vương, Quận 6","Lat":10.751217,"Lng":106.630914},{"StationId":717,"StationOrder":6,"StationDirection":1,"RouteId":25,"StationName":"Vòng xoay Phú Lâm","pathPoints":"106.63075256,10.75120068 106.63078308,10.75117493 106.63323975,10.75313568 106.63338470,10.75320911","Address":"27A, đường Kinh Dương Vương, Quận 6","Lat":10.75322,"Lng":106.633542},{"StationId":724,"StationOrder":7,"StationDirection":1,"RouteId":25,"StationName":"Cầu Ông Buông","pathPoints":"106.63338470,10.75320911 106.63339233,10.75316048 106.63367462,10.75338840 106.63392639,10.75355721 106.63420105,10.75375748 106.63439178,10.75370026 106.63448334,10.75368023 106.63458252,10.75370979 106.63468933,10.75378036 106.63474274,10.75389957 106.63474274,10.75401020 106.63475037,10.75403976 106.63488007,10.75415993 106.63516998,10.75430965 106.63539886,10.75438976 106.63567352,10.75438023 106.63620758,10.75440025 106.63723755,10.75452995 106.63781738,10.75463009 106.63818359,10.75461960 106.63816833,10.75453663","Address":"959, đường Hồng Bàng, Quận 6","Lat":10.754548,"Lng":106.637995},{"StationId":719,"StationOrder":8,"StationDirection":1,"RouteId":25,"StationName":"Ngân hàng ACB","pathPoints":"106.63816833,10.75453663 106.63819122,10.75461006 106.63948059,10.75452709 106.64076996,10.75438023 106.64128876,10.75432014 106.64124298,10.75429535","Address":"871, đường Hồng Bàng, Quận 6","Lat":10.754295,"Lng":106.641245},{"StationId":721,"StationOrder":9,"StationDirection":1,"RouteId":25,"StationName":"Trường Nguyễn Đức Cảnh","pathPoints":"106.64124298,10.75429535 106.64400482,10.75402069","Address":"799, đường Hồng Bàng, Quận 6","Lat":10.754021,"Lng":106.644003},{"StationId":723,"StationOrder":10,"StationDirection":1,"RouteId":25,"StationName":"Chùa Nam Phổ Đà","pathPoints":"106.64412689,10.75405025 106.64515686,10.75391960 106.64595032,10.75384998","Address":"733-735, đường Hồng Bàng, Quận 6","Lat":10.753789,"Lng":106.645955},{"StationId":722,"StationOrder":11,"StationDirection":1,"RouteId":25,"StationName":"Lò Siêu","pathPoints":"106.64595032,10.75384998 106.64732361,10.75370979","Address":"647, đường Hồng Bàng, Quận 6","Lat":10.753647,"Lng":106.647323},{"StationId":464,"StationOrder":12,"StationDirection":1,"RouteId":25,"StationName":"Bến xe Chợ Lớn","pathPoints":"106.64732361,10.75370979 106.64865112,10.75356007 106.64975739,10.75343990 106.65072632,10.75337029 106.65086365,10.75333977 106.65180206,10.75333023 106.65232849,10.75339031","Address":"555, đường Hồng Bàng, Quận 5","Lat":10.753331,"Lng":106.652334},{"StationId":470,"StationOrder":13,"StationDirection":1,"RouteId":25,"StationName":"Thuận Kiều Plaza","pathPoints":"106.65232849,10.75339317 106.65672302,10.75413895","Address":"399, đường Hồng Bàng, Quận 5","Lat":10.754111,"Lng":106.656749},{"StationId":437,"StationOrder":14,"StationDirection":1,"RouteId":25,"StationName":"Bệnh viện Chợ Rẫy","pathPoints":"106.65674591,10.75411129 106.65672302,10.75413895 106.65826416,10.75442123 106.65923309,10.75455284","Address":"357-359, đường Hồng Bàng, Quận 5","Lat":10.754553,"Lng":106.659232},{"StationId":439,"StationOrder":15,"StationDirection":1,"RouteId":25,"StationName":"Đại học Y Dược","pathPoints":"106.65921783,10.75459957 106.66153717,10.75502014 106.66317749,10.75535011","Address":"217, đường Hồng Bàng, Quận 5","Lat":10.75536,"Lng":106.663191},{"StationId":440,"StationOrder":16,"StationDirection":1,"RouteId":25,"StationName":"Bệnh viện Đại học Y Dược","pathPoints":"106.66319275,10.75535965 106.66320038,10.75547028 106.66464996,10.75573921 106.66468048,10.75567055","Address":"215, đường Hồng Bàng, Quận 5","Lat":10.755671,"Lng":106.664683},{"StationId":465,"StationOrder":17,"StationDirection":1,"RouteId":25,"StationName":"Bệnh viện Nguyễn Tri Phương","pathPoints":"106.66470337,10.75564003 106.66841125,10.75642014 106.67047882,10.75685978","Address":"119-121, đường An Dương Vương, Quận 5","Lat":10.756714,"Lng":106.670492},{"StationId":469,"StationOrder":18,"StationDirection":1,"RouteId":25,"StationName":"Chợ An Đông","pathPoints":"106.67047882,10.75685978 106.67209625,10.75716972","Address":"59C, đường An Dương Vương, Quận 5","Lat":10.757057,"Lng":106.672182},{"StationId":466,"StationOrder":19,"StationDirection":1,"RouteId":25,"StationName":"Huỳnh Mẫn Đạt","pathPoints":"106.67218018,10.75705719 106.67407227,10.75745678 106.67657471,10.75837421","Address":"439, đường An Dương Vương, Quận 5","Lat":10.758374,"Lng":106.676576},{"StationId":472,"StationOrder":20,"StationDirection":1,"RouteId":25,"StationName":"Chợ Bầu Sen","pathPoints":"106.67657471,10.75837421 106.67845154,10.75913811","Address":"367-373, đường An Dương Vương, Quận 5","Lat":10.759138,"Lng":106.678453},{"StationId":467,"StationOrder":21,"StationDirection":1,"RouteId":25,"StationName":"Đại học Sài Gòn","pathPoints":"106.67845154,10.75913811 106.68228912,10.76073456","Address":"273-275, đường An Dương Vương, Quận 5","Lat":10.760672,"Lng":106.682321},{"StationId":1051,"StationOrder":22,"StationDirection":1,"RouteId":25,"StationName":"Bộ Công an","pathPoints":"106.68226624,10.76074982 106.68334961,10.76117039 106.68351746,10.76070023","Address":"211-213, đường Nguyễn Văn Cừ, Quận 5","Lat":10.760672,"Lng":106.683453},{"StationId":1347,"StationOrder":23,"StationDirection":1,"RouteId":25,"StationName":"Phan Văn Trị","pathPoints":"106.68351746,10.76070023 106.68399048,10.75940037 106.68447876,10.75819016","Address":"165A-167, đường Nguyễn Văn Cừ, Quận 5","Lat":10.758169,"Lng":106.684381},{"StationId":18,"StationOrder":24,"StationDirection":1,"RouteId":25,"StationName":"Chợ Nanci","pathPoints":"106.68447876,10.75819016 106.68515015,10.75646019 106.68536377,10.75658989 106.68579102,10.75706959","Address":"563-565, đường Trần Hưng Đạo, Quận 1","Lat":10.75699,"Lng":106.685883},{"StationId":22,"StationOrder":25,"StationDirection":1,"RouteId":25,"StationName":"Tổng Cty Samco","pathPoints":"106.68579102,10.75706959 106.68657684,10.75798035 106.68794250,10.75949001","Address":"393 bis, đường Trần Hưng Đạo, Quận 1","Lat":10.759734,"Lng":106.688254},{"StationId":21,"StationOrder":26,"StationDirection":1,"RouteId":25,"StationName":"Sở PCCC","pathPoints":"106.68801117,10.75942612 106.68905640,10.76070404","Address":"359, đường Trần Hưng Đạo, Quận 1","Lat":10.760656,"Lng":106.689096},{"StationId":23,"StationOrder":27,"StationDirection":1,"RouteId":25,"StationName":"Hồ Hảo Hớn","pathPoints":"106.68905640,10.76070404 106.69058228,10.76240158","Address":"301F, đường Trần Hưng Đạo, Quận 1","Lat":10.762395,"Lng":106.690636},{"StationId":24,"StationOrder":28,"StationDirection":1,"RouteId":25,"StationName":"Bệnh Viện Răng Hàm Mặt","pathPoints":"106.69058228,10.76240158 106.69161224,10.76356697","Address":"263, đường Trần Hưng Đạo, Quận 1","Lat":10.763567,"Lng":106.691612},{"StationId":25,"StationOrder":29,"StationDirection":1,"RouteId":25,"StationName":"Rạp Trần Hưng Đạo","pathPoints":"106.69161224,10.76356697 106.69306946,10.76521301","Address":"227 - 229, đường Trần Hưng Đạo, Quận 1","Lat":10.765213,"Lng":106.693069},{"StationId":26,"StationOrder":30,"StationDirection":1,"RouteId":25,"StationName":"KTX Trần Hưng Đạo","pathPoints":"106.69306946,10.76521301 106.69304657,10.76523018 106.69472504,10.76717472 106.69482422,10.76706409","Address":"135, đường Trần Hưng Đạo, Quận 1","Lat":10.767064,"Lng":106.694824},{"StationId":1344,"StationOrder":31,"StationDirection":1,"RouteId":25,"StationName":"Cầu Ông Lãnh","pathPoints":"106.69482422,10.76706409 106.69482422,10.76706409 106.69474030,10.76711750 106.69538116,10.76792336 106.69612885,10.76657581 106.69612885,10.76657581","Address":"65G, đường Nguyễn Thái Học, Quận 1","Lat":10.766785,"Lng":106.696011},{"StationId":1196,"StationOrder":32,"StationDirection":1,"RouteId":25,"StationName":"Hoàng Diệu","pathPoints":"106.69615936,10.76652241 106.69624329,10.76653194 106.69753265,10.76424503 106.69761658,10.76408195 106.69946289,10.76219463 106.69995117,10.76156235 106.70033264,10.76100349 106.69989014,10.76069832 106.69983673,10.76073456","Address":"K48-K50, đường Hoàng Diệu, Quận 4","Lat":10.760735,"Lng":106.699836},{"StationId":1194,"StationOrder":33,"StationDirection":1,"RouteId":25,"StationName":"Khánh Hội","pathPoints":"106.69983673,10.76073456 106.69983673,10.76073456 106.69843292,10.75965500 106.69902039,10.75889969 106.69897461,10.75886440 106.69897461,10.75886440","Address":"Đối diện 220, đường Khánh Hội, Quận 4","Lat":10.758864,"Lng":106.698972},{"StationId":1198,"StationOrder":34,"StationDirection":1,"RouteId":25,"StationName":"Hồ Bơi Quận 4","pathPoints":"106.69897461,10.75886440 106.69979858,10.75780487 106.70058441,10.75672531","Address":"149, đường Khánh Hội, Quận 4","Lat":10.756414,"Lng":106.700817},{"StationId":1197,"StationOrder":35,"StationDirection":1,"RouteId":25,"StationName":"Cầu Kinh Tẻ","pathPoints":"106.70058441,10.75672531 106.70181274,10.75519085 106.70233154,10.75015259 106.70219421,10.74845028","Address":"44/7, đường Nguyễn Hữu Thọ, Quận 7","Lat":10.747496,"Lng":106.70203},{"StationId":1346,"StationOrder":36,"StationDirection":1,"RouteId":25,"StationName":"Đường số 15","pathPoints":"106.70202637,10.74749565 106.70202637,10.74749565 106.70211792,10.74741173 106.70175171,10.74534607 106.70433044,10.74499035 106.70427704,10.74456978 106.70421600,10.74457645 106.70421600,10.74457645 106.70421600,10.74457645","Address":"222, đường Lê Văn Lương, Quận 7","Lat":10.744576,"Lng":106.704216},{"StationId":1348,"StationOrder":37,"StationDirection":1,"RouteId":25,"StationName":"Nguyễn Thị Thập","pathPoints":"106.70421600,10.74457645 106.70427704,10.74456978 106.70405579,10.74273205 106.70355225,10.73987007 106.70469666,10.73969650 106.70469666,10.73960686","Address":"593, đường Nguyễn Thị Thập, Quận 7","Lat":10.739607,"Lng":106.704696},{"StationId":1350,"StationOrder":38,"StationDirection":1,"RouteId":25,"StationName":"Khu dân cư Tân Quy Đông","pathPoints":"106.70469666,10.73960686 106.70474243,10.73964882 106.70773315,10.73921108 106.70774078,10.73916435","Address":"507, đường Nguyễn Thị Thập, Quận 7","Lat":10.739164,"Lng":106.707743},{"StationId":1349,"StationOrder":39,"StationDirection":1,"RouteId":25,"StationName":"Đường số 38","pathPoints":"106.70774078,10.73916435 106.70774078,10.73916435 106.70783234,10.73919582 106.71075439,10.73874760 106.71074677,10.73871613 106.71074677,10.73871613","Address":"449, đường Nguyễn Thị Thập, Quận 7","Lat":10.738716,"Lng":106.710747},{"StationId":1351,"StationOrder":40,"StationDirection":1,"RouteId":25,"StationName":"Mai Văn Vĩnh","pathPoints":"106.71074677,10.73871613 106.71236420,10.73851013 106.71400452,10.73836803","Address":"351, đường Nguyễn Thị Thập, Quận 7","Lat":10.738368,"Lng":106.714003},{"StationId":1352,"StationOrder":41,"StationDirection":1,"RouteId":25,"StationName":"Lâm Văn Bền","pathPoints":"106.71400452,10.73836803 106.71400452,10.73836803 106.71403503,10.73841000 106.71749878,10.73820496 106.71752167,10.73815155 106.71752167,10.73815155","Address":"269-271, đường Nguyễn Thị Thập, Quận 7","Lat":10.738152,"Lng":106.717522},{"StationId":1354,"StationOrder":42,"StationDirection":1,"RouteId":25,"StationName":"Chợ Tân Mỹ","pathPoints":"106.71752167,10.73815155 106.71779633,10.73815155 106.71827698,10.73814106 106.71822357,10.73768806 106.71796417,10.73552227","Address":"Đối diện chung cư Tân Mỹ, đường Tân Mỹ, Quận 7","Lat":10.735522,"Lng":106.717962},{"StationId":1353,"StationOrder":43,"StationDirection":1,"RouteId":25,"StationName":"Bệnh viện Tim Tâm Đức","pathPoints":"106.71796417,10.73552227 106.71798706,10.73479462 106.71863556,10.73352432 106.71892548,10.73304462","Address":"Bệnh viện Việt Pháp, đường Nguyễn Lương Bằng, Quận 7","Lat":10.733045,"Lng":106.718928},{"StationId":1355,"StationOrder":44,"StationDirection":1,"RouteId":25,"StationName":"Tân Trào","pathPoints":"106.71875763,10.73349857 106.72146606,10.72904205","Address":"Văn phòng Đội Bảo vệ, đường Nguyễn Lương Bằng, Quận 7","Lat":10.728222,"Lng":106.721873},{"StationId":1261,"StationOrder":45,"StationDirection":1,"RouteId":25,"StationName":"Trường Nam Sài Gòn","pathPoints":"106.72196198,10.72829056 106.72387695,10.72512817","Address":"Trường Nam Sài Gòn, đường Nguyễn Lương Bằng, Quận 7","Lat":10.725118,"Lng":106.723793},{"StationId":1258,"StationOrder":46,"StationDirection":1,"RouteId":25,"StationName":"Mỹ Thái 2","pathPoints":"106.72386932,10.72519398 106.72592926,10.72181034 106.72645569,10.72088528","Address":"176 (Riverside Block E), đường Nguyễn Lương Bằng, Quận 7","Lat":10.720885,"Lng":106.726454},{"StationId":1356,"StationOrder":47,"StationDirection":1,"RouteId":25,"StationName":"Nam Viên","pathPoints":"106.72652435,10.72092247 106.72829437,10.71808624","Address":"Đối diện trường tiểu học Việt Pháp, đường Nguyễn Lương Bằng, Quận 7","Lat":10.718065,"Lng":106.728192},{"StationId":1357,"StationOrder":48,"StationDirection":1,"RouteId":25,"StationName":"Mỹ Khang","pathPoints":"106.72824860,10.71812916 106.72988129,10.71549320","Address":"SC 9-1 Nam Khang, đường Nguyễn Lương Bằng, Quận 7","Lat":10.715451,"Lng":106.729807},{"StationId":1359,"StationOrder":49,"StationDirection":1,"RouteId":25,"StationName":"Mầm non Cánh Thiên Thần","pathPoints":"106.72979736,10.71568298 106.73109436,10.71351147 106.73146057,10.71317387 106.73181152,10.71308994 106.73274231,10.71327114","Address":"Đối diện ngân hàng Agribank, đường Hoàng Quốc Việt, Quận 7","Lat":10.713271,"Lng":106.732742},{"StationId":1361,"StationOrder":50,"StationDirection":1,"RouteId":25,"StationName":"Ủy ban phường Phú Mỹ","pathPoints":"106.73274231,10.71327114 106.73486328,10.71378326","Address":"43N, đường Hoàng Quốc Việt, Quận 7","Lat":10.713764,"Lng":106.734973},{"StationId":1362,"StationOrder":51,"StationDirection":1,"RouteId":25,"StationName":"Trường Ngô Quyền","pathPoints":"106.73486328,10.71378326 106.73692322,10.71426487 106.73696136,10.71294212 106.73696136,10.71294212","Address":"1360, đường Huỳnh Tấn Phát, Quận 7","Lat":10.712974,"Lng":106.736904},{"StationId":1358,"StationOrder":52,"StationDirection":1,"RouteId":25,"StationName":"An Chánh Dương","pathPoints":"106.73696136,10.71294212 106.73696136,10.71269417 106.73703003,10.71166134 106.73704529,10.71141148","Address":"1400, đường Huỳnh Tấn Phát, Quận 7","Lat":10.711002,"Lng":106.737016},{"StationId":1360,"StationOrder":53,"StationDirection":1,"RouteId":25,"StationName":"Chùa Pháp Hoa","pathPoints":"106.73701477,10.71100235 106.73711395,10.71096516 106.73722839,10.70895958 106.73715210,10.70895767","Address":"1452, đường Huỳnh Tấn Phát, Quận 7","Lat":10.708958,"Lng":106.737152},{"StationId":1366,"StationOrder":54,"StationDirection":1,"RouteId":25,"StationName":"Phạm Hữu Lầu","pathPoints":"106.73722839,10.70895958 106.73737335,10.70650959 106.73750305,10.70563984","Address":"1520-1522, đường Huỳnh Tấn Phát, Quận 7","Lat":10.705626,"Lng":106.737427},{"StationId":1149,"StationOrder":55,"StationDirection":1,"RouteId":25,"StationName":"Khu dân cư Kỹ Nguyên","pathPoints":"106.73742676,10.70562553 106.73742676,10.70562649 106.73756409,10.70519352 106.73538208,10.70492744","Address":"Trường Tiểu học Phú Mỹ, đường Phạm Hữu Lầu, Quận 7","Lat":10.704941,"Lng":106.735246},{"StationId":1054,"StationOrder":56,"StationDirection":1,"RouteId":25,"StationName":"Phú Xuân","pathPoints":"106.73524475,10.70494080 106.73538208,10.70492744 106.73233032,10.70455647 106.73222351,10.70392895 106.73231506,10.70369720","Address":"Bến Phú Xuân, đường Đường số 15B, Quận 7","Lat":10.703697,"Lng":106.732317}]