[{"StationId":3600,"StationOrder":0,"StationDirection":0,"RouteId":111,"StationName":"Phật Cô Đơn","pathPoints":"","Address":"ĐẦU BẾN PHẬT CÔ ĐƠN, đường Mai Bá Hương, Huyện Bình Chánh","Lat":10.757067,"Lng":106.488499},{"StationId":3602,"StationOrder":1,"StationDirection":0,"RouteId":111,"StationName":"Thất Thất Lê Minh Xuân","pathPoints":"106.48850250,10.75706673 106.48854828,10.75716019 106.49478149,10.76197338 106.49485016,10.76199532","Address":"Đối diện Đại Đạo Tam Kỳ, đường Mai Bá Hương, Huyện Bình Chánh","Lat":10.761995,"Lng":106.494851},{"StationId":3606,"StationOrder":2,"StationDirection":0,"RouteId":111,"StationName":"Kênh 3","pathPoints":"106.49485016,10.76199532 106.49485016,10.76199532 106.49504089,10.76221561 106.49691772,10.76348591 106.49778748,10.76419163 106.49778748,10.76419163","Address":"Đối diện Cột điện 70P, đường Mai Bá Hương, Huyện Bình Chánh","Lat":10.764192,"Lng":106.497785},{"StationId":3603,"StationOrder":3,"StationDirection":0,"RouteId":111,"StationName":"Ngã 3 Trần Đại Nghĩa","pathPoints":"106.49778748,10.76419163 106.49877930,10.76471043 106.49893951,10.76496029 106.49923706,10.76552963 106.49980164,10.76588917 106.49990082,10.76584721","Address":"Cột điện 57P/17 (A12/8), đường Mai Bá Hương, Huyện Bình Chánh","Lat":10.765847,"Lng":106.499898},{"StationId":3604,"StationOrder":4,"StationDirection":0,"RouteId":111,"StationName":"Sơ Dừa","pathPoints":"106.49990082,10.76584721 106.49994659,10.76599026 106.50094604,10.76665306 106.50270844,10.76799011 106.50270081,10.76787090","Address":"A11/20, đường Mai Bá Hương, Huyện Bình Chánh","Lat":10.767871,"Lng":106.502704},{"StationId":3607,"StationOrder":5,"StationDirection":0,"RouteId":111,"StationName":"Công ty Minh Chương","pathPoints":"106.50270081,10.76787090 106.50270081,10.76787090 106.50509644,10.76968384 106.50624847,10.77059555 106.50745392,10.77148056 106.50745392,10.77148056","Address":"Đối diện cột điện 39P (A11/1), đường Mai Bá Hương, Huyện Bình Chánh","Lat":10.771481,"Lng":106.507452},{"StationId":3605,"StationOrder":6,"StationDirection":0,"RouteId":111,"StationName":"Học viện Phật giáo Việt Nam","pathPoints":"106.50745392,10.77148056 106.50745392,10.77148056 106.50844574,10.77233982 106.50962067,10.77359867 106.51000214,10.77402592 106.51084900,10.77569675 106.51100922,10.77566528 106.51100922,10.77566528","Address":"Đối diện cột điện 30AP (A10/8A), đường Mai Bá Hương, Huyện Bình Chánh","Lat":10.775665,"Lng":106.511008},{"StationId":3608,"StationOrder":7,"StationDirection":0,"RouteId":111,"StationName":"Chùa Phật Cô Đơn","pathPoints":"106.51100922,10.77566528 106.51087952,10.77571964 106.51159668,10.77777958 106.51260376,10.78160381 106.51282501,10.78155613","Address":"A9/19 (Đối diện bãi giữ xe Phật Cô Đơn), đường Mai Bá Hương, Huyện Bình Chánh","Lat":10.781556,"Lng":106.512827},{"StationId":3609,"StationOrder":8,"StationDirection":0,"RouteId":111,"StationName":"Công ty Hoàng Long Anh","pathPoints":"106.51264191,10.78160954 106.51336670,10.78458023","Address":"A8/27, đường Mai Bá Hương, Huyện Bình Chánh","Lat":10.784529,"Lng":106.513503},{"StationId":3610,"StationOrder":9,"StationDirection":0,"RouteId":111,"StationName":"Kênh A2","pathPoints":"106.51350403,10.78452873 106.51336670,10.78458023 106.51416779,10.78789616 106.51429749,10.78792763","Address":"A8/4, đường Mai Bá Hương, Huyện Bình Chánh","Lat":10.787928,"Lng":106.514297},{"StationId":3436,"StationOrder":10,"StationDirection":0,"RouteId":111,"StationName":"Trường Tiểu học Cầu Xáng","pathPoints":"106.51429749,10.78792763 106.51420593,10.78794289 106.51454163,10.78925037 106.51548004,10.78878975 106.51756287,10.78757954","Address":"Cột điện 187T (Đối diện 3A61), đường Tỉnh lộ 10 Bình Chánh, Huyện Bình Chánh","Lat":10.78758,"Lng":106.517563},{"StationId":3437,"StationOrder":11,"StationDirection":0,"RouteId":111,"StationName":"Thịnh Thành","pathPoints":"106.51760864,10.78765869 106.52286530,10.78504467","Address":"A2/23 (Đối diện 3A35/3), đường Tỉnh lộ 10 Bình Chánh, Huyện Bình Chánh","Lat":10.784998,"Lng":106.522842},{"StationId":3438,"StationOrder":12,"StationDirection":0,"RouteId":111,"StationName":"Hoàng My","pathPoints":"106.52289581,10.78504467 106.52858734,10.78219986","Address":"Đối diện 3A13, đường Tỉnh lộ 10 Bình Chánh, Huyện Bình Chánh","Lat":10.782152,"Lng":106.528561},{"StationId":3439,"StationOrder":13,"StationDirection":0,"RouteId":111,"StationName":"Kênh A","pathPoints":"106.52857208,10.78221035 106.53311157,10.78000736","Address":"Đối diện 2A/92, đường Tỉnh lộ 10 Bình Chánh, Huyện Bình Chánh","Lat":10.77987,"Lng":106.533061},{"StationId":3440,"StationOrder":14,"StationDirection":0,"RouteId":111,"StationName":"Ủy ban xã Lê Minh Xuân ","pathPoints":"106.53305817,10.77987003 106.53305817,10.77987003 106.53305817,10.77987003 106.53316498,10.77999115 106.53570557,10.77866840 106.53824615,10.77736187 106.53820801,10.77731419 106.53820801,10.77731419 106.53820801,10.77731419","Address":"F2/11, đường Tỉnh lộ 10 Bình Chánh, Huyện Bình Chánh","Lat":10.777314,"Lng":106.538211},{"StationId":3441,"StationOrder":15,"StationDirection":0,"RouteId":111,"StationName":"Ủy ban xã Phạm Văn Hai","pathPoints":"106.53823090,10.77737713 106.54303741,10.77494812","Address":"Cột điện 111T (F4.7), đường Tỉnh lộ 10 Bình Chánh, Huyện Bình Chánh","Lat":10.774885,"Lng":106.543007},{"StationId":3442,"StationOrder":16,"StationDirection":0,"RouteId":111,"StationName":"Công ty Chấn Hưng","pathPoints":"106.54305267,10.77494812 106.54640198,10.77324104","Address":"F5/6, đường Tỉnh lộ 10 Bình Chánh, Huyện Bình Chánh","Lat":10.773088,"Lng":106.546311},{"StationId":3443,"StationOrder":17,"StationDirection":0,"RouteId":111,"StationName":"Trường tiểu học Phạm Văn Hai","pathPoints":"106.54638672,10.77324104 106.55015564,10.77132225","Address":"F7/6, đường Tỉnh lộ 10 Bình Chánh, Huyện Bình Chánh","Lat":10.77128,"Lng":106.550125},{"StationId":3613,"StationOrder":18,"StationDirection":0,"RouteId":111,"StationName":"Bà Lát","pathPoints":"106.55012512,10.77128029 106.55012512,10.77128029 106.55174255,10.77056408 106.55197144,10.77215958 106.55197144,10.77215958","Address":"1A.96/1, đường Vĩnh Lộc, Huyện Bình Chánh","Lat":10.77216,"Lng":106.551971},{"StationId":3611,"StationOrder":19,"StationDirection":0,"RouteId":111,"StationName":"Công ty Hùng Tuấn","pathPoints":"106.55197144,10.77215958 106.55258942,10.77594376","Address":"1A.120, đường Vĩnh Lộc, Huyện Bình Chánh","Lat":10.775944,"Lng":106.552588},{"StationId":3612,"StationOrder":20,"StationDirection":0,"RouteId":111,"StationName":"Công ty Bảo Huy","pathPoints":"106.55258942,10.77594376 106.55258942,10.77594376 106.55284882,10.77806282 106.55319214,10.78018665 106.55330658,10.78021336 106.55330658,10.78021336","Address":"1A.149, đường Vĩnh Lộc, Huyện Bình Chánh","Lat":10.780213,"Lng":106.553307},{"StationId":3615,"StationOrder":21,"StationDirection":0,"RouteId":111,"StationName":"Cầu Bà Tri","pathPoints":"106.55330658,10.78021336 106.55330658,10.78021336 106.55322266,10.78032875 106.55406952,10.78549862 106.55413055,10.78553009 106.55413055,10.78553009","Address":"1A/163, đường Vĩnh Lộc, Huyện Bình Chánh","Lat":10.78553,"Lng":106.554127},{"StationId":3614,"StationOrder":22,"StationDirection":0,"RouteId":111,"StationName":"Kinh Trung Ương","pathPoints":"106.55413055,10.78553009 106.55413055,10.78553009 106.55408478,10.78565121 106.55446625,10.78802204 106.55476379,10.78898144 106.55512238,10.78991413 106.55529022,10.79015064 106.55529022,10.79015064","Address":"888, đường Vĩnh Lộc, Huyện Bình Chánh","Lat":10.790151,"Lng":106.555291},{"StationId":3617,"StationOrder":23,"StationDirection":0,"RouteId":111,"StationName":"Rửa xe Hải Trí","pathPoints":"106.55529022,10.79015064 106.55529022,10.79015064 106.55525208,10.79020882 106.55643463,10.79289150 106.55653381,10.79293442 106.55653381,10.79293442","Address":"Rửa xe Hải Trí, đường Vĩnh Lộc, Huyện Bình Chánh","Lat":10.792934,"Lng":106.556536},{"StationId":3616,"StationOrder":24,"StationDirection":0,"RouteId":111,"StationName":"Trạm xăng Hiệp Hòa","pathPoints":"106.55653381,10.79293442 106.55653381,10.79293442 106.55646515,10.79298592 106.55711365,10.79449844 106.55778503,10.79536819 106.55788422,10.79537868 106.55788422,10.79537868","Address":"1153A (F1/11), đường Vĩnh Lộc, Huyện Bình Chánh","Lat":10.795379,"Lng":106.557888},{"StationId":3619,"StationOrder":25,"StationDirection":0,"RouteId":111,"StationName":"UB xã Vĩnh Lộc B","pathPoints":"106.55788422,10.79537868 106.55788422,10.79537868 106.55785370,10.79543114 106.55907440,10.79695988 106.56094360,10.79927826 106.56102753,10.79930401 106.56102753,10.79930401","Address":"1330, đường Vĩnh Lộc, Huyện Bình Chánh","Lat":10.799304,"Lng":106.561031},{"StationId":3618,"StationOrder":26,"StationDirection":0,"RouteId":111,"StationName":"Bãi đá Đức Cường","pathPoints":"106.56102753,10.79930401 106.56102753,10.79930401 106.56102753,10.79937267 106.56276703,10.80158615 106.56450653,10.80376720 106.56459808,10.80379391 106.56459808,10.80379391","Address":"1476A (1482), đường Vĩnh Lộc, Huyện Bình Chánh","Lat":10.803794,"Lng":106.564599},{"StationId":3620,"StationOrder":27,"StationDirection":0,"RouteId":111,"StationName":"Trạm xăng Lan Anh","pathPoints":"106.56459808,10.80379391 106.56459808,10.80379391 106.56462860,10.80391502 106.56534576,10.80475807 106.56816864,10.80653381 106.56824493,10.80653858 106.56824493,10.80653858","Address":"1674 (1860), đường Vĩnh Lộc, Huyện Bình Chánh","Lat":10.806539,"Lng":106.568246},{"StationId":2367,"StationOrder":28,"StationDirection":0,"RouteId":111,"StationName":"KDC Vĩnh Lộc A","pathPoints":"106.56824493,10.80653858 106.56824493,10.80653858 106.56829834,10.80665016 106.57029724,10.80789852 106.57231140,10.80915260 106.57239532,10.80915833 106.57239532,10.80915833","Address":"1860, đường Vĩnh Lộc, Huyện Bình Chánh","Lat":10.809158,"Lng":106.572393},{"StationId":2366,"StationOrder":29,"StationDirection":0,"RouteId":111,"StationName":"Ngã 5 Vĩnh Lộc","pathPoints":"106.57239532,10.80915833 106.57239532,10.80915833 106.57382965,10.81013298 106.57534027,10.81102276 106.57534027,10.81102276","Address":"Cột điện T142P (2170), đường Vĩnh Lộc, Huyện Bình Chánh","Lat":10.811023,"Lng":106.575338},{"StationId":3102,"StationOrder":30,"StationDirection":0,"RouteId":111,"StationName":"Trạm giữa Vĩnh Lộc","pathPoints":"106.57534027,10.81102276 106.57534027,10.81102276 106.57765198,10.81254101 106.57936859,10.81365299 106.58074188,10.81464863 106.58347321,10.81691456 106.58547974,10.81869698 106.58547974,10.81869698","Address":"Đối diện F9/6 (Châu Phú Mỹ), đường Vĩnh Lộc, Quận Bình Tân","Lat":10.818697,"Lng":106.58548},{"StationId":3105,"StationOrder":31,"StationDirection":0,"RouteId":111,"StationName":"Đường liên ấp 5-6","pathPoints":"106.58547974,10.81869698 106.58547974,10.81869698 106.58547974,10.81869698 106.58551025,10.81877422 106.58728790,10.82043362 106.58748627,10.82040215 106.58767700,10.82053947 106.58767700,10.82053947 106.58767700,10.82053947","Address":"288, đường Đường số 2, Quận Bình Tân","Lat":10.820539,"Lng":106.587676},{"StationId":3104,"StationOrder":32,"StationDirection":0,"RouteId":111,"StationName":"Chốt 2 KCN Vĩnh Lộc","pathPoints":"106.58767700,10.82053947 106.58767700,10.82053947 106.58776855,10.82070827 106.58860016,10.82148743 106.58943939,10.82231998 106.58956909,10.82236195 106.58956909,10.82236195","Address":"330, đường Đường số 2, Quận Bình Tân","Lat":10.822362,"Lng":106.58957},{"StationId":3107,"StationOrder":33,"StationDirection":0,"RouteId":111,"StationName":"Kho vật tư thiết bị","pathPoints":"106.58956909,10.82236195 106.58956909,10.82236195 106.59048462,10.82334232 106.59139252,10.82440186 106.59139252,10.82440186","Address":"Kho vật tư thiết bị, đường Đường số 2, Quận Bình Tân","Lat":10.824402,"Lng":106.591393},{"StationId":3106,"StationOrder":34,"StationDirection":0,"RouteId":111,"StationName":"Công ty Cholimex","pathPoints":"106.59139252,10.82440186 106.59268951,10.82607269","Address":"Công ty Cholimex, đường Đường số 2, Quận Bình Tân","Lat":10.826073,"Lng":106.59269},{"StationId":3109,"StationOrder":35,"StationDirection":0,"RouteId":111,"StationName":"Chung cu Hoàng Hải","pathPoints":"106.59268951,10.82607269 106.59268951,10.82607269 106.59316254,10.82690430 106.59406281,10.82808495 106.59548950,10.83014965 106.59558105,10.83019733","Address":"43/12, đường Phan Văn Đối, Huyện Hóc Môn","Lat":10.830197,"Lng":106.595578},{"StationId":3108,"StationOrder":36,"StationDirection":0,"RouteId":111,"StationName":"Bưu điện Phan Văn Đối","pathPoints":"106.59558105,10.83019733 106.59558105,10.83019733 106.59552765,10.83024979 106.59634399,10.83184624 106.59709167,10.83341122 106.59716797,10.83347988 106.59716797,10.83347988","Address":"43/1, đường Phan Văn Đối, Huyện Hóc Môn","Lat":10.83348,"Lng":106.597166},{"StationId":3110,"StationOrder":37,"StationDirection":0,"RouteId":111,"StationName":"Nhà Hàng Ngọc Huyền","pathPoints":"106.59716797,10.83347988 106.59709930,10.83350086 106.59790802,10.83499718 106.59879303,10.83648872 106.59885406,10.83647823","Address":"31/3C, đường Phan Văn Đối, Huyện Hóc Môn","Lat":10.836478,"Lng":106.598856},{"StationId":3111,"StationOrder":38,"StationDirection":0,"RouteId":111,"StationName":"Chùa Giác Hoàng","pathPoints":"106.59885406,10.83647823 106.59885406,10.83647823 106.59880829,10.83650398 106.59946442,10.83758450 106.59986877,10.83846951 106.59993744,10.83846855 106.59993744,10.83846855","Address":"42/1B, đường Phan Văn Đối, Huyện Hóc Môn","Lat":10.838469,"Lng":106.599934},{"StationId":2211,"StationOrder":39,"StationDirection":0,"RouteId":111,"StationName":"Chợ Bà Điểm","pathPoints":"106.59993744,10.83846855 106.59986877,10.83849525 106.60033417,10.83938122 106.59967041,10.83996010 106.59969330,10.83998680 106.59969330,10.83998680","Address":"đd 14/9, đường Phan Văn Hớn, Huyện Hóc Môn","Lat":10.839987,"Lng":106.599693},{"StationId":3113,"StationOrder":40,"StationDirection":0,"RouteId":111,"StationName":"Trường Phan Công Hớn","pathPoints":"106.59969330,10.83998680 106.59969330,10.83998680 106.59881592,10.84061337 106.59906769,10.84085655 106.59951782,10.84123516 106.59965515,10.84154129 106.59970093,10.84152508","Address":"19/1B , đường Nguyễn Ánh Thủ, Huyện Hóc Môn","Lat":10.841525,"Lng":106.599703},{"StationId":3112,"StationOrder":41,"StationDirection":0,"RouteId":111,"StationName":"Nguyễn Thị Sóc","pathPoints":"106.59970093,10.84152508 106.59968567,10.84159374 106.59979248,10.84187317 106.59992218,10.84292698 106.59984589,10.84431744 106.60009766,10.84545517 106.60036469,10.84642506 106.60041046,10.84642982","Address":"60/8A (Đối diện 135), đường Nguyễn Ánh Thủ, Huyện Hóc Môn","Lat":10.84643,"Lng":106.600412},{"StationId":3115,"StationOrder":42,"StationDirection":0,"RouteId":111,"StationName":"Cua chữ S","pathPoints":"106.60041046,10.84642982 106.60035706,10.84644604 106.60045624,10.84687805 106.60128784,10.84819508 106.60211945,10.84939671 106.60217285,10.84936047","Address":"13/5 , đường Nguyễn Ánh Thủ, Huyện Hóc Môn","Lat":10.84936,"Lng":106.602176},{"StationId":3114,"StationOrder":43,"StationDirection":0,"RouteId":111,"StationName":"Hậu Lân - Bà Điểm","pathPoints":"106.60217285,10.84936047 106.60211945,10.84939098 106.60337067,10.85098267 106.60426331,10.85193634 106.60429382,10.85190964","Address":"32/4 , đường Nguyễn Ánh Thủ, Huyện Hóc Môn","Lat":10.85191,"Lng":106.604295},{"StationId":3117,"StationOrder":44,"StationDirection":0,"RouteId":111,"StationName":"Ngã tư Trung Chánh","pathPoints":"106.60429382,10.85190964 106.60424042,10.85194111 106.60641479,10.85432816 106.60645294,10.85431671","Address":"26/7C (27/11B), đường Nguyễn Ánh Thủ, Huyện Hóc Môn","Lat":10.854317,"Lng":106.606452},{"StationId":1393,"StationOrder":45,"StationDirection":0,"RouteId":111,"StationName":"Ngã tư Trung Chánh","pathPoints":"106.60645294,10.85431671 106.60645294,10.85431671 106.60721588,10.85524464 106.60823059,10.85365391 106.60815430,10.85359478 106.60815430,10.85359478","Address":"30/10B, đường Quốc lộ 22, Huyện Hóc Môn","Lat":10.853595,"Lng":106.608152},{"StationId":1238,"StationOrder":46,"StationDirection":0,"RouteId":111,"StationName":"Cư xá Bà Điểm","pathPoints":"106.60815430,10.85359478 106.60815430,10.85359478 106.60826111,10.85363197 106.61074829,10.84977627 106.61064148,10.84971333 106.61064148,10.84971333","Address":"3A, đường Quốc lộ 22, Huyện Hóc Môn","Lat":10.849713,"Lng":106.610641},{"StationId":1239,"StationOrder":47,"StationDirection":0,"RouteId":111,"StationName":"Bến xe An Sương","pathPoints":"106.61064148,10.84971333 106.61064148,10.84971333 106.61064148,10.84971333 106.61074066,10.84975433 106.61357117,10.84531879 106.61352539,10.84518719 106.61352539,10.84518719 106.61352539,10.84518719","Address":"1B, đường Quốc lộ 22, Huyện Hóc Môn","Lat":10.845187,"Lng":106.613522},{"StationId":166,"StationOrder":48,"StationDirection":0,"RouteId":111,"StationName":"Bến xe An Sương","pathPoints":"106.61352539,10.84518719 106.61352539,10.84518719 106.61352539,10.84518719 106.61352539,10.84518719 106.61361694,10.84521294 106.61408234,10.84449100 106.61331177,10.84384823 106.61337280,10.84373760","Address":"Bến xe An Sương, đường Quốc lộ 22, Quận 12","Lat":10.843737602233887,"Lng":106.61337280273438},{"StationId":166,"StationOrder":0,"StationDirection":1,"RouteId":111,"StationName":"Bến xe An Sương","pathPoints":"","Address":"Bến xe An Sương, đường Quốc lộ 22, Quận 12","Lat":10.843737602233887,"Lng":106.61337280273438},{"StationId":1115,"StationOrder":1,"StationDirection":1,"RouteId":111,"StationName":"Bến xe An Sương","pathPoints":"106.61337280,10.84373760 106.61412048,10.84432316 106.61479950,10.84339523 106.61502075,10.84286308 106.61499023,10.84270000 106.61505127,10.84253693 106.61524200,10.84235764 106.61550903,10.84243107 106.61565399,10.84261036 106.61558533,10.84286880 106.61545563,10.84297943 106.61525726,10.84302711 106.61491394,10.84348488 106.61347198,10.84574032 106.61351776,10.84580326","Address":"F42, đường Quốc lộ 22, Quận 12","Lat":10.845803,"Lng":106.613517},{"StationId":1151,"StationOrder":2,"StationDirection":1,"RouteId":111,"StationName":"Cây xăng Quân Đội","pathPoints":"106.61351776,10.84580326 106.61344910,10.84576130 106.61117554,10.84933376 106.61127472,10.84936047","Address":"2, đường Quốc lộ 22, Quận 12","Lat":10.84936,"Lng":106.611274},{"StationId":1689,"StationOrder":3,"StationDirection":1,"RouteId":111,"StationName":"Cư xá Bà Điểm","pathPoints":"106.61127472,10.84936047 106.61127472,10.84936047 106.61127472,10.84936047 106.61119080,10.84938622 106.61090088,10.84991264 106.61083221,10.84998131 106.61083221,10.84998131 106.61083221,10.84998131","Address":"4-6F, đường Quốc lộ 22, Quận 12","Lat":10.849981,"Lng":106.610835},{"StationId":1152,"StationOrder":4,"StationDirection":1,"RouteId":111,"StationName":"Trung tâm Văn hóa Quận 12","pathPoints":"106.61083221,10.84998131 106.61070251,10.85007095 106.60784912,10.85452843 106.60786438,10.85466003","Address":"Trung tâm văn hóa Quận 12, đường Quốc lộ 22, Quận 12","Lat":10.85466,"Lng":106.607863},{"StationId":3141,"StationOrder":5,"StationDirection":1,"RouteId":111,"StationName":"Ngã tư Trung Chánh","pathPoints":"106.60761261,10.85480976 106.60726166,10.85533047 106.60710144,10.85515976 106.60669708,10.85470009","Address":"234C, đường Nguyễn Ánh Thủ, Huyện Hóc Môn","Lat":10.854623,"Lng":106.606607},{"StationId":3140,"StationOrder":6,"StationDirection":1,"RouteId":111,"StationName":"Hậu Lân - Bà Điểm","pathPoints":"106.60666656,10.85473347 106.60395813,10.85170937","Address":"15/5B, đường Nguyễn Ánh Thủ, Huyện Hóc Môn","Lat":10.851588,"Lng":106.603872},{"StationId":3145,"StationOrder":7,"StationDirection":1,"RouteId":111,"StationName":"Cua chữ S","pathPoints":"106.60395813,10.85170937 106.60340118,10.85103989 106.60178375,10.84903336","Address":"11/6A, đường Nguyễn Ánh Thủ, Huyện Hóc Môn","Lat":10.848991,"Lng":106.601763},{"StationId":3142,"StationOrder":8,"StationDirection":1,"RouteId":111,"StationName":"Nguyễn Thị Sóc","pathPoints":"106.60178375,10.84903336 106.60079193,10.84745789 106.60021973,10.84623337","Address":"88/2, đường Nguyễn Ánh Thủ, Huyện Hóc Môn","Lat":10.846262,"Lng":106.600256},{"StationId":3146,"StationOrder":9,"StationDirection":1,"RouteId":111,"StationName":"Trường Phan Công Hớn","pathPoints":"106.60021210,10.84620953 106.60025024,10.84619999 106.60005951,10.84552002 106.59992218,10.84480000 106.59983826,10.84436989 106.59983063,10.84418011 106.59985352,10.84385967 106.59989929,10.84331989 106.59990692,10.84292984 106.59986115,10.84230042 106.59976959,10.84187984 106.59958649,10.84150028 106.59954834,10.84136009 106.59925842,10.84105015","Address":"Đ/d T. Phan Công Hớn, đường Nguyễn Ánh Thủ, Huyện Hóc Môn","Lat":10.84103,"Lng":106.599205},{"StationId":2284,"StationOrder":10,"StationDirection":1,"RouteId":111,"StationName":"Chợ Bà Điểm","pathPoints":"106.59922028,10.84109974 106.59881592,10.84061909 106.59993744,10.83963871 106.59996033,10.83950233","Address":"17/7, đường Phan Văn Hớn, Huyện Hóc Môn","Lat":10.839502,"Lng":106.59996},{"StationId":3143,"StationOrder":11,"StationDirection":1,"RouteId":111,"StationName":"Chùa Giác Hoàng","pathPoints":"106.59996033,10.83950233 106.59996033,10.83950233 106.60007477,10.83953381 106.60029602,10.83934879 106.60000610,10.83880138 106.59951782,10.83786297","Address":"36/2D, đường Phan Văn Đối, Huyện Hóc Môn","Lat":10.837863,"Lng":106.599521},{"StationId":3144,"StationOrder":12,"StationDirection":1,"RouteId":111,"StationName":"Nhà Hàng Ngọc Huyền","pathPoints":"106.59951782,10.83786297 106.59917450,10.83717823 106.59857941,10.83623505","Address":"35/1B, đường Phan Văn Đối, Huyện Hóc Môn","Lat":10.836235,"Lng":106.598577},{"StationId":3147,"StationOrder":13,"StationDirection":1,"RouteId":111,"StationName":"Bưu điện Phan Văn Đối","pathPoints":"106.59857941,10.83623505 106.59739685,10.83413124","Address":"264A, đường Phan Văn Đối, Huyện Hóc Môn","Lat":10.834131,"Lng":106.597396},{"StationId":3148,"StationOrder":14,"StationDirection":1,"RouteId":111,"StationName":"Chung cu Hoàng Hải","pathPoints":"106.59739685,10.83413124 106.59680939,10.83301067 106.59661865,10.83249950 106.59625244,10.83181000","Address":"Kế 34/11D, đường Phan Văn Đối, Huyện Hóc Môn","Lat":10.83181,"Lng":106.596254},{"StationId":3150,"StationOrder":15,"StationDirection":1,"RouteId":111,"StationName":"công ty Cholimex","pathPoints":"106.59463501,10.82915401 106.59424591,10.82837391 106.59315491,10.82697296 106.59235382,10.82604313","Address":"Đối diện công ty Cholimex, đường Đường số 2, Quận Bình Tân","Lat":10.826043,"Lng":106.592354},{"StationId":3152,"StationOrder":16,"StationDirection":1,"RouteId":111,"StationName":"Công ty Jonton","pathPoints":"106.59235382,10.82604313 106.59120178,10.82462502","Address":"Công ty Jonton, đường Đường số 2, Quận Bình Tân","Lat":10.824625,"Lng":106.591202},{"StationId":3154,"StationOrder":17,"StationDirection":1,"RouteId":111,"StationName":"KCN Vĩnh Lộc","pathPoints":"106.59120178,10.82462502 106.59083557,10.82409096 106.59037781,10.82359505 106.58942413,10.82267857","Address":"Đối diện 330, đường Đường số 2, Quận Bình Tân","Lat":10.822679,"Lng":106.589425},{"StationId":3149,"StationOrder":18,"StationDirection":1,"RouteId":111,"StationName":"Quỳnh Tiên","pathPoints":"106.58942413,10.82267857 106.58761597,10.82091904","Address":"F9/18B1, đường Đường số 2, Quận Bình Tân","Lat":10.820919,"Lng":106.587616},{"StationId":3151,"StationOrder":19,"StationDirection":1,"RouteId":111,"StationName":"xã Nhị Bình","pathPoints":"106.58763123,10.82091045 106.58731842,10.82061005 106.58728790,10.82050037 106.58728790,10.82040024 106.58706665,10.82017994 106.58554077,10.81877041","Address":"F9/6B, đường Vĩnh Lộc, Quận Bình Tân","Lat":10.818777,"Lng":106.585533},{"StationId":2325,"StationOrder":20,"StationDirection":1,"RouteId":111,"StationName":"Chợ mới Vĩnh Lộc","pathPoints":"106.58554077,10.81877041 106.58489227,10.81818008 106.58332825,10.81684971 106.58245850,10.81606007 106.58210754,10.81579018 106.58116913,10.81499958 106.57962036,10.81387997 106.57956696,10.81379032 106.57936859,10.81369019 106.57917023,10.81359005 106.57872009,10.81328964 106.57792664,10.81274033 106.57656860,10.81188011 106.57566833,10.81130981","Address":"Cột Điện T127T (F1/17), đường Vĩnh Lộc, Huyện Bình Chánh","Lat":10.811376,"Lng":106.575655},{"StationId":2326,"StationOrder":21,"StationDirection":1,"RouteId":111,"StationName":"Khu dân cư Đồng Danh","pathPoints":"106.57565308,10.81137562 106.57543182,10.81117630 106.57479095,10.81077003 106.57398224,10.81024837 106.57350159,10.80994034 106.57276154,10.80954266 106.57245636,10.80933189","Address":"A1/2F, đường Vĩnh Lộc, Huyện Bình Chánh","Lat":10.809332,"Lng":106.572458},{"StationId":3583,"StationOrder":22,"StationDirection":1,"RouteId":111,"StationName":"Trạm xăng Hoàng Phú","pathPoints":"106.57247925,10.80930996 106.57176208,10.80885983 106.57112885,10.80842972 106.56934357,10.80733967 106.56854248,10.80681038","Address":"Đ/d 1704, đường Vĩnh Lộc, Huyện Bình Chánh","Lat":10.806845,"Lng":106.568504},{"StationId":3585,"StationOrder":23,"StationDirection":1,"RouteId":111,"StationName":"Bãi đá Đức Cường","pathPoints":"106.56854248,10.80681038 106.56813049,10.80655003 106.56762695,10.80626011 106.56649017,10.80550957 106.56555176,10.80494976 106.56522369,10.80469990 106.56504059,10.80453014 106.56477356,10.80418015","Address":"Công ty Hợp Nhất, đường Vĩnh Lộc, Huyện Bình Chánh","Lat":10.804168,"Lng":106.564765},{"StationId":3582,"StationOrder":24,"StationDirection":1,"RouteId":111,"StationName":"UB xã Vĩnh Lộc B","pathPoints":"106.56477356,10.80418015 106.56076050,10.79913998","Address":"Đ/d 1340, đường Vĩnh Lộc, Huyện Bình Chánh","Lat":10.799573,"Lng":106.561069},{"StationId":3584,"StationOrder":25,"StationDirection":1,"RouteId":111,"StationName":"Trạm xăng Hiệp Hòa","pathPoints":"106.56106567,10.79957294 106.56076050,10.79913998 106.56002045,10.79819965 106.55991364,10.79811001 106.55860138,10.79646015 106.55812073,10.79589462","Address":"1175, đường Vĩnh Lộc, Huyện Bình Chánh","Lat":10.795895,"Lng":106.558118},{"StationId":3587,"StationOrder":26,"StationDirection":1,"RouteId":111,"StationName":"Mầm non Hoa Thiên Lý","pathPoints":"106.55812073,10.79589462 106.55709076,10.79455090 106.55649567,10.79313946 106.55641937,10.79317570","Address":"Mầm non Hoa Thiên Lý, đường Vĩnh Lộc, Huyện Bình Chánh","Lat":10.793176,"Lng":106.556418},{"StationId":3586,"StationOrder":27,"StationDirection":1,"RouteId":111,"StationName":"Kinh Trung Ương","pathPoints":"106.55641937,10.79317570 106.55500031,10.78983498","Address":"Công ty Sơn Hà, đường Vĩnh Lộc, Huyện Bình Chánh","Lat":10.789835,"Lng":106.555002},{"StationId":3588,"StationOrder":28,"StationDirection":1,"RouteId":111,"StationName":"Cầu Bà Tri","pathPoints":"106.55500031,10.78983498 106.55443573,10.78825378 106.55394745,10.78529263","Address":"Kế 1A/188 (1A/117), đường Vĩnh Lộc, Huyện Bình Chánh","Lat":10.785293,"Lng":106.55395},{"StationId":3590,"StationOrder":29,"StationDirection":1,"RouteId":111,"StationName":"Công ty Bảo Huy","pathPoints":"106.55394745,10.78529263 106.55311584,10.78012753","Address":"1A/167/1, đường Vĩnh Lộc, Huyện Bình Chánh","Lat":10.780128,"Lng":106.553113},{"StationId":3591,"StationOrder":30,"StationDirection":1,"RouteId":111,"StationName":"Công ty Hùng Tuấn","pathPoints":"106.55311584,10.78012753 106.55249786,10.77609730","Address":"1A209/1, đường Vĩnh Lộc, Huyện Bình Chánh","Lat":10.775812,"Lng":106.552427},{"StationId":3589,"StationOrder":31,"StationDirection":1,"RouteId":111,"StationName":"Bà Lát","pathPoints":"106.55249786,10.77609730 106.55184174,10.77198124","Address":"Đ/d 1A99/1 (Đối diện A1/94), đường Vĩnh Lộc, Huyện Bình Chánh","Lat":10.771981,"Lng":106.551842},{"StationId":3470,"StationOrder":32,"StationDirection":1,"RouteId":111,"StationName":"Trường tiểu học Phạm Văn Hai","pathPoints":"106.55184174,10.77198124 106.55172729,10.77073193 106.55039978,10.77138042","Address":"2A2, đường Tỉnh lộ 10, Huyện Bình Chánh","Lat":10.77138,"Lng":106.550399},{"StationId":3469,"StationOrder":33,"StationDirection":1,"RouteId":111,"StationName":"Bệnh viện Tâm thần Bình Minh","pathPoints":"106.55039978,10.77138042 106.54650116,10.77342510","Address":"2A.27/1, đường Tỉnh lộ 10, Huyện Bình Chánh","Lat":10.773425,"Lng":106.546504},{"StationId":3472,"StationOrder":34,"StationDirection":1,"RouteId":111,"StationName":"Ủy ban xã Phạm Văn Hai","pathPoints":"106.54650116,10.77342510 106.54305267,10.77512741","Address":"2A41 (UBND Phạm Văn Hai), đường Tỉnh lộ 10, Huyện Bình Chánh","Lat":10.775127,"Lng":106.543055},{"StationId":3471,"StationOrder":35,"StationDirection":1,"RouteId":111,"StationName":"Ủy ban xã Lê Minh Xuân","pathPoints":"106.54305267,10.77512741 106.53804779,10.77763557","Address":"2A/63, đường Tỉnh lộ 10 Bình Chánh, Huyện Bình Chánh","Lat":10.777636,"Lng":106.53805},{"StationId":3474,"StationOrder":36,"StationDirection":1,"RouteId":111,"StationName":"Kênh A","pathPoints":"106.53804779,10.77763557 106.53321838,10.78004932","Address":"Cafe 94 (2A/94), đường Tỉnh lộ 10 Bình Chánh, Huyện Bình Chánh","Lat":10.780049,"Lng":106.533217},{"StationId":3473,"StationOrder":37,"StationDirection":1,"RouteId":111,"StationName":"Hoàng My","pathPoints":"106.53321838,10.78004932 106.52875519,10.78230000","Address":"3A.11, đường Tỉnh lộ 10 Bình Chánh, Huyện Bình Chánh","Lat":10.7823,"Lng":106.528759},{"StationId":3476,"StationOrder":38,"StationDirection":1,"RouteId":111,"StationName":"Thịnh Thành","pathPoints":"106.52875519,10.78230000 106.52333832,10.78499222","Address":"3A35/2, đường Tỉnh lộ 10 Bình Chánh, Huyện Bình Chánh","Lat":10.784992,"Lng":106.523336},{"StationId":3475,"StationOrder":39,"StationDirection":1,"RouteId":111,"StationName":"Trường Tiểu học Cầu Xáng","pathPoints":"106.52333832,10.78499222 106.51800537,10.78765392","Address":"3A61, đường Tỉnh lộ 10 Bình Chánh, Huyện Bình Chánh","Lat":10.787654,"Lng":106.518009},{"StationId":3593,"StationOrder":40,"StationDirection":1,"RouteId":111,"StationName":"Mai Bá Hương","pathPoints":"106.51800537,10.78765392 106.51570892,10.78886032 106.51502991,10.78932953 106.51468658,10.78952980 106.51361084,10.78985023 106.51320648,10.78995991 106.51336670,10.78983974 106.51454163,10.78925037 106.51425934,10.78814983 106.51420593,10.78800678","Address":"Cột điện 4P (Đối diện A8/7), đường Mai Bá Hương, Huyện Bình Chánh","Lat":10.788007,"Lng":106.514205},{"StationId":3592,"StationOrder":41,"StationDirection":1,"RouteId":111,"StationName":"Công ty Hoàng Long Anh","pathPoints":"106.51420593,10.78800678 106.51348114,10.78490829","Address":"Đối diện A8/25A, đường Mai Bá Hương, Huyện Bình Chánh","Lat":10.784908,"Lng":106.513481},{"StationId":3595,"StationOrder":42,"StationDirection":1,"RouteId":111,"StationName":"Chùa Phật Cô Đơn","pathPoints":"106.51306152,10.78334045 106.51268768,10.78182030","Address":"Đ/d Chùa Phật Cô Đơn-Cột điện 19AP, đường Mai Bá Hương, Huyện Bình Chánh","Lat":10.781831,"Lng":106.512784},{"StationId":3594,"StationOrder":43,"StationDirection":1,"RouteId":111,"StationName":"Học viện Phật giáo Việt Nam","pathPoints":"106.51268768,10.78182030 106.51159668,10.77777958 106.51120758,10.77665043 106.51103973,10.77618980","Address":"Cột điện 30P (Đối diện 10/8A), đường Mai Bá Hương, Huyện Bình Chánh","Lat":10.776208,"Lng":106.511126},{"StationId":3596,"StationOrder":44,"StationDirection":1,"RouteId":111,"StationName":"Công ty Minh Chương","pathPoints":"106.51103973,10.77618980 106.51074982,10.77538967 106.50997162,10.77400970 106.50981903,10.77385044 106.50884247,10.77280998 106.50753021,10.77175045","Address":"Cột điện 38AP (Đối diện A11/1), đường Mai Bá Hương, Huyện Bình Chánh","Lat":10.771734,"Lng":106.507612},{"StationId":3598,"StationOrder":45,"StationDirection":1,"RouteId":111,"StationName":"Công ty Thịnh Mỹ","pathPoints":"106.50753021,10.77175045 106.50569916,10.77031994 106.50270844,10.76799011","Address":"Cột điện 47P (Đối diện A11/19), đường Mai Bá Hương, Huyện Bình Chánh","Lat":10.767987,"Lng":106.502688},{"StationId":3597,"StationOrder":46,"StationDirection":1,"RouteId":111,"StationName":"Qua ngã 3 Trần Đại Nghĩa","pathPoints":"106.50268555,10.76798725 106.50270844,10.76799011 106.50096893,10.76669025 106.50032806,10.76622963 106.50032806,10.76628399","Address":"Cột điện 56P (Đối diện A1/27), đường Mai Bá Hương, Huyện Bình Chánh","Lat":10.766284,"Lng":106.500328},{"StationId":3599,"StationOrder":47,"StationDirection":1,"RouteId":111,"StationName":"Trần Đại Nghĩa","pathPoints":"106.50032806,10.76628399 106.50032806,10.76628399 106.49990082,10.76596260 106.49925232,10.76558399 106.49891663,10.76495075 106.49874115,10.76474571 106.49795532,10.76423931 106.49785614,10.76435566 106.49785614,10.76435566","Address":"Đối diện B1.24 (B1/27A), đường Mai Bá Hương, Huyện Bình Chánh","Lat":10.764356,"Lng":106.497855},{"StationId":3601,"StationOrder":48,"StationDirection":1,"RouteId":111,"StationName":"Thánh Thất Lê Minh Xuân","pathPoints":"106.49785614,10.76435566 106.49785614,10.76435566 106.49797058,10.76425552 106.49485779,10.76212120 106.49485779,10.76212120","Address":"B3/24, đường Mai Bá Hương, Huyện Bình Chánh","Lat":10.762121,"Lng":106.494856},{"StationId":3600,"StationOrder":49,"StationDirection":1,"RouteId":111,"StationName":"Phật Cô Đơn","pathPoints":"106.49485779,10.76212120 106.48850250,10.75706673","Address":"ĐẦU BẾN PHẬT CÔ ĐƠN, đường Mai Bá Hương, Huyện Bình Chánh","Lat":10.757067,"Lng":106.488499}]