[{"StationId":3043,"StationOrder":0,"StationDirection":0,"RouteId":68,"StationName":"Hưng Long","pathPoints":"","Address":"ĐẦU BẾN HƯNG LONG, đường Quốc lộ 50, Huyện Bình Chánh","Lat":10.637669,"Lng":106.647307},{"StationId":4160,"StationOrder":1,"StationDirection":0,"RouteId":68,"StationName":"Phạm Tấn Mười","pathPoints":"106.64730835,10.63766861 106.64741516,10.63770580 106.65011597,10.63620853","Address":"Cột điện 165P (Đối diện D1/31), đường Hương Lộ 11, Huyện Bình Chánh","Lat":10.636209,"Lng":106.650118},{"StationId":673,"StationOrder":2,"StationDirection":0,"RouteId":68,"StationName":"Khánh Vinh","pathPoints":"106.65011597,10.63620853 106.65296936,10.63467979","Address":"D1/2 (Đối diện D1/27A), đường Hương Lộ 11, Huyện Bình Chánh","Lat":10.63468,"Lng":106.652967},{"StationId":3116,"StationOrder":3,"StationDirection":0,"RouteId":68,"StationName":"Nhà máy Kizunai","pathPoints":"106.65296936,10.63467979 106.66188049,10.63021946 106.66050720,10.63306141","Address":"Đối diện 86 (B8/33B6), đường Quốc lộ 50, Huyện Bình Chánh","Lat":10.633061,"Lng":106.660509},{"StationId":3119,"StationOrder":4,"StationDirection":0,"RouteId":68,"StationName":"Hoàng Thái Mart","pathPoints":"106.66050720,10.63306141 106.65798950,10.63831806","Address":"Cửa hàng gỗ Hồng Thảo (Hoàng Thái Mart), đường Quốc lộ 50, Huyện Bình Chánh","Lat":10.638318,"Lng":106.657993},{"StationId":3118,"StationOrder":5,"StationDirection":0,"RouteId":68,"StationName":"Trạm xăng Hoàng Thái","pathPoints":"106.65798950,10.63831806 106.65731049,10.64150238 106.65686035,10.64448071","Address":"Đối diện D8A/34, đường Quốc lộ 50, Huyện Bình Chánh","Lat":10.644481,"Lng":106.656861},{"StationId":3121,"StationOrder":6,"StationDirection":0,"RouteId":68,"StationName":"Bệnh viện Tâm thần Bình Minh","pathPoints":"106.65686035,10.64448071 106.65677643,10.64521408 106.65653229,10.64647865 106.65632629,10.64733315 106.65596008,10.64827061 106.65602112,10.64828205","Address":"A11/32A, đường Quốc lộ 50, Huyện Bình Chánh","Lat":10.648282,"Lng":106.656024},{"StationId":3120,"StationOrder":7,"StationDirection":0,"RouteId":68,"StationName":"Chùa Phước Hội","pathPoints":"106.65602112,10.64828205 106.65479279,10.65230465","Address":"B7/177, đường Quốc lộ 50, Huyện Bình Chánh","Lat":10.652305,"Lng":106.654791},{"StationId":3123,"StationOrder":8,"StationDirection":0,"RouteId":68,"StationName":"Chùa Tam Bửu","pathPoints":"106.65477753,10.65217018 106.65443420,10.65336418 106.65396881,10.65458012","Address":"B3/63/1 (B2/63/1), đường Quốc lộ 50, Huyện Bình Chánh","Lat":10.656296,"Lng":106.653214},{"StationId":3122,"StationOrder":9,"StationDirection":0,"RouteId":68,"StationName":"Chùa Linh Hòa","pathPoints":"106.65321350,10.65629578 106.65213776,10.65862560 106.65190125,10.65990162","Address":"B2/35A, đường Quốc lộ 50, Huyện Bình Chánh","Lat":10.659902,"Lng":106.651905},{"StationId":3125,"StationOrder":10,"StationDirection":0,"RouteId":68,"StationName":"Đường liên Ấp 1-2","pathPoints":"106.65190125,10.65990162 106.65165710,10.66300106","Address":"A8/240A, đường Quốc lộ 50, Huyện Bình Chánh","Lat":10.663001,"Lng":106.651658},{"StationId":3124,"StationOrder":11,"StationDirection":0,"RouteId":68,"StationName":"Nghĩa trang Đa Phước","pathPoints":"106.65165710,10.66300106 106.65135193,10.66650200","Address":"A8/233 (Đối diện D14/407), đường Quốc lộ 50, Huyện Bình Chánh","Lat":10.666502,"Lng":106.651352},{"StationId":3127,"StationOrder":12,"StationDirection":0,"RouteId":68,"StationName":"Trường THCS Đa Phước","pathPoints":"106.65135193,10.66650200 106.65119934,10.66866302 106.65117645,10.66985989","Address":"E11/323, đường Quốc lộ 50, Huyện Bình Chánh","Lat":10.66986,"Lng":106.651175},{"StationId":3126,"StationOrder":13,"StationDirection":0,"RouteId":68,"StationName":"Công ty Hồng Nhất","pathPoints":"106.65117645,10.66985989 106.65100098,10.67350769","Address":"A1/6/5 (A1/6), đường Quốc lộ 50, Huyện Bình Chánh","Lat":10.673508,"Lng":106.651003},{"StationId":3128,"StationOrder":14,"StationDirection":0,"RouteId":68,"StationName":"Đình Chánh An Phú","pathPoints":"106.65100098,10.67350769 106.65068054,10.67789936","Address":"A6/183, đường Quốc lộ 50, Huyện Bình Chánh","Lat":10.677899,"Lng":106.650681},{"StationId":3129,"StationOrder":15,"StationDirection":0,"RouteId":68,"StationName":"Trường chuyên biệt Rạng Đông","pathPoints":"106.65068054,10.67789936 106.65054321,10.67935371 106.65047455,10.68010235 106.65049744,10.68086147 106.65074921,10.68200016 106.65126038,10.68314934","Address":"A12/366 (A12/363), đường Quốc lộ 50, Huyện Bình Chánh","Lat":10.683149,"Lng":106.651261},{"StationId":3131,"StationOrder":16,"StationDirection":0,"RouteId":68,"StationName":"Trường tiểu học Phong Phú","pathPoints":"106.65126038,10.68314934 106.65369415,10.68851566","Address":"Trường Mầm non Hướng Dương (Trường tiểu học Phong Phú), đường Quốc lộ 50, Huyện Bình Chánh","Lat":10.688516,"Lng":106.653691},{"StationId":3130,"StationOrder":17,"StationDirection":0,"RouteId":68,"StationName":"Trịnh Quang Nghị","pathPoints":"106.65369415,10.68851566 106.65470123,10.69070816 106.65509796,10.69262218","Address":"D3/65, đường Quốc lộ 50, Huyện Bình Chánh","Lat":10.692622,"Lng":106.655096},{"StationId":3133,"StationOrder":18,"StationDirection":0,"RouteId":68,"StationName":"Trạm xăng Kim Quang","pathPoints":"106.65509796,10.69262218 106.65522766,10.69428253 106.65497589,10.69554806","Address":"E8/212M, đường Quốc lộ 50, Huyện Bình Chánh","Lat":10.695548,"Lng":106.654978},{"StationId":3132,"StationOrder":19,"StationDirection":0,"RouteId":68,"StationName":"Trung tâm tư vấn đào tạo Úc Mỹ","pathPoints":"106.65497589,10.69554806 106.65450287,10.69813633","Address":"E8/401 (E8/214A), đường Quốc lộ 50, Huyện Bình Chánh","Lat":10.698136,"Lng":106.654501},{"StationId":3136,"StationOrder":20,"StationDirection":0,"RouteId":68,"StationName":"Chùa Thiện Phước","pathPoints":"106.65450287,10.69813633 106.65434265,10.69901562 106.65423584,10.69990730 106.65435791,10.70086670 106.65458679,10.70176792","Address":"E9/251, đường Quốc lộ 50, Huyện Bình Chánh","Lat":10.701768,"Lng":106.654587},{"StationId":3134,"StationOrder":21,"StationDirection":0,"RouteId":68,"StationName":"Xăng dầu Phong Phú","pathPoints":"106.65458679,10.70176792 106.65496063,10.70470905","Address":"E10/288, đường Quốc lộ 50, Huyện Bình Chánh","Lat":10.704709,"Lng":106.654957},{"StationId":3137,"StationOrder":22,"StationDirection":0,"RouteId":68,"StationName":"Mầm non Anh Việt","pathPoints":"106.65496063,10.70470905 106.65549469,10.70823002","Address":"E11/304 (E11/304C), đường Quốc lộ 50, Huyện Bình Chánh","Lat":10.70823,"Lng":106.655493},{"StationId":3135,"StationOrder":23,"StationDirection":0,"RouteId":68,"StationName":"Chùa Ân Hòa","pathPoints":"106.65549469,10.70823002 106.65586090,10.71081257 106.65575409,10.71205139","Address":"B10/8 (B10/7), đường Quốc lộ 50, Huyện Bình Chánh","Lat":10.712051,"Lng":106.655756},{"StationId":3139,"StationOrder":24,"StationDirection":0,"RouteId":68,"StationName":"Văn phòng Ấp 3","pathPoints":"106.65575409,10.71205139 106.65562439,10.71379566 106.65568542,10.71551991","Address":"B13/118, đường Quốc lộ 50, Huyện Bình Chánh","Lat":10.71552,"Lng":106.655686},{"StationId":3138,"StationOrder":25,"StationDirection":0,"RouteId":68,"StationName":"Chùa Thiên Trì","pathPoints":"106.65568542,10.71551991 106.65573883,10.71859837","Address":"B15/21 (B15/20), đường Quốc lộ 50, Huyện Bình Chánh","Lat":10.718598,"Lng":106.65574},{"StationId":2247,"StationOrder":26,"StationDirection":0,"RouteId":68,"StationName":"Bình Hưng","pathPoints":"106.65573883,10.71859837 106.65583801,10.72084808","Address":"B17/24, đường Quốc lộ 50, Huyện Bình Chánh","Lat":10.720848,"Lng":106.655837},{"StationId":2244,"StationOrder":27,"StationDirection":0,"RouteId":68,"StationName":"Giáo xứ Bình Hưng","pathPoints":"106.65583801,10.72084808 106.65594482,10.72492313","Address":"A18/16, đường Quốc lộ 50, Huyện Bình Chánh","Lat":10.724923,"Lng":106.655944},{"StationId":2246,"StationOrder":28,"StationDirection":0,"RouteId":68,"StationName":"Mầm non ánh Dương","pathPoints":"106.65594482,10.72492313 106.65608978,10.72770023","Address":"A24/20B, đường Quốc lộ 50, Huyện Bình Chánh","Lat":10.7277,"Lng":106.656089},{"StationId":2248,"StationOrder":29,"StationDirection":0,"RouteId":68,"StationName":"Công an Bình Hưng","pathPoints":"106.65608978,10.72770023 106.65610504,10.73090458","Address":"Đối diện A6/10 (A27/13), đường Quốc lộ 50, Huyện Bình Chánh","Lat":10.730905,"Lng":106.656105},{"StationId":2249,"StationOrder":30,"StationDirection":0,"RouteId":68,"StationName":"Bến xe Quận 8","pathPoints":"106.65610504,10.73090458 106.65624237,10.73313427","Address":"407, đường Quốc lộ 50, Quận 8","Lat":10.733134,"Lng":106.656239},{"StationId":502,"StationOrder":31,"StationDirection":0,"RouteId":68,"StationName":"Bùi Minh Trực","pathPoints":"106.65624237,10.73313427 106.65634918,10.73645973","Address":"193, đường Quốc lộ 50, Quận 8","Lat":10.73646,"Lng":106.656346},{"StationId":499,"StationOrder":32,"StationDirection":0,"RouteId":68,"StationName":"Cầu Nhị Thiên Đường","pathPoints":"106.65634918,10.73645973 106.65642548,10.73876858","Address":"81, đường Quốc lộ 50, Quận 8","Lat":10.738769,"Lng":106.656427},{"StationId":542,"StationOrder":33,"StationDirection":0,"RouteId":68,"StationName":"Tùng Thiện Vương","pathPoints":"106.65642548,10.73876858 106.65637970,10.73930645 106.65648651,10.74062347 106.65644073,10.74089813 106.65567017,10.74299526 106.65563965,10.74319553 106.65564728,10.74340630 106.65567780,10.74362755 106.65579224,10.74388123 106.65606689,10.74421787 106.65679932,10.74451256","Address":"487, đường Tùng Thiện Vương, Quận 8","Lat":10.744513,"Lng":106.656802},{"StationId":501,"StationOrder":34,"StationDirection":0,"RouteId":68,"StationName":"Chợ Xóm Củi","pathPoints":"106.65679932,10.74451256 106.65892029,10.74573612 106.65975952,10.74607277","Address":"337, đường Tùng Thiện Vương, Quận 8","Lat":10.746073,"Lng":106.659763},{"StationId":138,"StationOrder":35,"StationDirection":0,"RouteId":68,"StationName":"Hải Thượng Lãn Ông","pathPoints":"106.65975952,10.74607277 106.66024780,10.74643993 106.66036224,10.74650955 106.66045380,10.74662971 106.66059875,10.74779034 106.66062927,10.74816036 106.66062164,10.74829960 106.66056824,10.74866009 106.66046906,10.74897957 106.66005707,10.75010967 106.66007233,10.75022030 106.66011810,10.75030994 106.66021729,10.75037956 106.66040039,10.75045967 106.66056061,10.75055981 106.66060638,10.75063992 106.66110229,10.75092030 106.66133881,10.75100994 106.66150665,10.75104046 106.66149902,10.75119972 106.66127014,10.75113010 106.66092682,10.75098038 106.66050720,10.75072002 106.66026306,10.75057030 106.66011810,10.75053024 106.65998077,10.75053024 106.65986633,10.75055027 106.65966034,10.75063038 106.65950775,10.75069046 106.65927124,10.75084019 106.65926361,10.75086021 106.65924072,10.75088978 106.65918732,10.75092983 106.65912628,10.75094032 106.65907288,10.75092030 106.65904999,10.75090981 106.65854645,10.75091648 106.65835571,10.75094795 106.65835571,10.75094795","Address":"210-212, đường Hải Thượng Lãn Ông, Quận 5","Lat":10.750948,"Lng":106.658358},{"StationId":139,"StationOrder":36,"StationDirection":0,"RouteId":68,"StationName":"Chợ Kim Biên","pathPoints":"106.65835571,10.75094795 106.65741730,10.75097466 106.65646362,10.75107479 106.65576935,10.75105953 106.65508270,10.75112820","Address":"5, đường Trang Tử, Quận 5","Lat":10.751128,"Lng":106.655086},{"StationId":8,"StationOrder":37,"StationDirection":0,"RouteId":68,"StationName":"Bến xe Chợ Lớn","pathPoints":"106.65508270,10.75112820 106.65387726,10.75115967 106.65341949,10.75167084 106.65325928,10.75172329 106.65261078,10.75164413 106.65256500,10.75125313","Address":"GA HKXB CHO LON, đường Lê Quang Sung, Quận 5","Lat":10.751253128051758,"Lng":106.6525650024414},{"StationId":8,"StationOrder":0,"StationDirection":1,"RouteId":68,"StationName":"Bến xe Chợ Lớn","pathPoints":"","Address":"GA HKXB CHO LON, đường Lê Quang Sung, Quận 5","Lat":10.751253128051758,"Lng":106.6525650024414},{"StationId":2393,"StationOrder":1,"StationDirection":1,"RouteId":68,"StationName":"Tháp Mười","pathPoints":"106.65256500,10.75125313 106.65217590,10.75122738 106.65192413,10.75105953 106.65101624,10.75101662 106.65007782,10.75110626 106.64950562,10.75080585 106.64936829,10.74968338 106.65222168,10.75020981 106.65303040,10.75035954 106.65303802,10.75032616 106.65303802,10.75032616","Address":"13C-13D, đường Tháp Mười, Quận 6","Lat":10.750326,"Lng":106.653036},{"StationId":2,"StationOrder":2,"StationDirection":1,"RouteId":68,"StationName":"Chợ Kim Biên","pathPoints":"106.65303802,10.75032616 106.65452576,10.75070572 106.65475464,10.75080585 106.65507507,10.75073242","Address":"11-12, đường Hải Thượng Lãn Ông, Quận 5","Lat":10.750732,"Lng":106.655075},{"StationId":617,"StationOrder":3,"StationDirection":1,"RouteId":68,"StationName":"Tùng Thiện Vương","pathPoints":"106.65507507,10.75073242 106.65503693,10.75078964 106.65529633,10.75076962 106.65573120,10.75074291 106.65592194,10.75074768 106.65629578,10.75077438 106.65677643,10.75078487 106.65741730,10.75071144 106.65824890,10.75065899 106.65882111,10.75063705 106.65904236,10.75065327 106.65914154,10.75060844 106.65929413,10.75063705 106.65966034,10.75048161 106.65985870,10.75024223 106.66014099,10.74958038 106.66031647,10.74908829 106.66043091,10.74869823 106.66050720,10.74845314 106.66051483,10.74807072 106.66046906,10.74772549 106.66043091,10.74734116 106.66035461,10.74702168 106.66017151,10.74695492 106.65994263,10.74692726 106.65979767,10.74681377 106.65959930,10.74662590 106.65933990,10.74637413 106.65914154,10.74616051 106.65896606,10.74590969 106.65888214,10.74578476 106.65853882,10.74563599 106.65696716,10.74477196 106.65692902,10.74483013","Address":"388, đường Tùng Thiện Vương, Quận 8","Lat":10.74483,"Lng":106.656926},{"StationId":618,"StationOrder":4,"StationDirection":1,"RouteId":68,"StationName":"Chùa Pháp Quang","pathPoints":"106.65692902,10.74483013 106.65617371,10.74440765 106.65563965,10.74380684 106.65553284,10.74354362 106.65547943,10.74324799 106.65550995,10.74296379 106.65557098,10.74267960 106.65628052,10.74075031 106.65614319,10.73864174","Address":"100, đường Quốc lộ 50, Quận 8","Lat":10.738642,"Lng":106.656142},{"StationId":619,"StationOrder":5,"StationDirection":1,"RouteId":68,"StationName":"Bùi Minh Trực","pathPoints":"106.65614319,10.73864174 106.65618896,10.73756695 106.65612793,10.73645973","Address":"224, đường Quốc lộ 50, Quận 8","Lat":10.73646,"Lng":106.656126},{"StationId":2148,"StationOrder":6,"StationDirection":1,"RouteId":68,"StationName":"Bến xe Quận 8","pathPoints":"106.65620422,10.73618889 106.65608978,10.73287392","Address":"328-330, đường Quốc lộ 50, Quận 8","Lat":10.732776,"Lng":106.656051},{"StationId":2149,"StationOrder":7,"StationDirection":1,"RouteId":68,"StationName":"Công an Bình Hưng","pathPoints":"106.65608978,10.73287392 106.65612030,10.73224926 106.65605927,10.73153019","Address":"A6/17, đường Quốc lộ 50, Huyện Bình Chánh","Lat":10.7308,"Lng":106.655971},{"StationId":2151,"StationOrder":8,"StationDirection":1,"RouteId":68,"StationName":"Mầm non Ánh Dương","pathPoints":"106.65596771,10.73079967 106.65589142,10.72789001","Address":"A11/9 (A11/07), đường Quốc lộ 50, Huyện Bình Chánh","Lat":10.72789,"Lng":106.65589},{"StationId":2150,"StationOrder":9,"StationDirection":1,"RouteId":68,"StationName":"Giáo xứ Bình Hưng","pathPoints":"106.65589142,10.72789001 106.65583038,10.72529221","Address":"A13/1, đường Quốc lộ 50, Huyện Bình Chánh","Lat":10.725292,"Lng":106.655831},{"StationId":2153,"StationOrder":10,"StationDirection":1,"RouteId":68,"StationName":"Bình Hưng","pathPoints":"106.65585327,10.72528648 106.65581512,10.72303009","Address":"B2/21A, đường Quốc lộ 50, Huyện Bình Chánh","Lat":10.72058,"Lng":106.655686},{"StationId":3019,"StationOrder":11,"StationDirection":1,"RouteId":68,"StationName":"Nguyễn Văn Linh","pathPoints":"106.65568542,10.72058010 106.65561676,10.71847725","Address":"B4/13, đường Quốc lộ 50, Huyện Bình Chánh","Lat":10.718477,"Lng":106.655617},{"StationId":3020,"StationOrder":12,"StationDirection":1,"RouteId":68,"StationName":"Trường tiều học Bình Hưng","pathPoints":"106.65561676,10.71847725 106.65553284,10.71576214","Address":"Cột điện T66P (B6/19), đường Quốc lộ 50, Huyện Bình Chánh","Lat":10.715762,"Lng":106.655531},{"StationId":3021,"StationOrder":13,"StationDirection":1,"RouteId":68,"StationName":"Chùa An Hòa","pathPoints":"106.65553284,10.71576214 106.65546417,10.71382809 106.65562439,10.71193027","Address":"B8/31, đường Quốc lộ 50, Huyện Bình Chánh","Lat":10.71193,"Lng":106.655627},{"StationId":3023,"StationOrder":14,"StationDirection":1,"RouteId":68,"StationName":"Mầm non Anh Việt","pathPoints":"106.65562439,10.71193027 106.65567780,10.71096039 106.65535736,10.70838833","Address":"E11/307, đường Quốc lộ 50, Huyện Bình Chánh","Lat":10.708388,"Lng":106.655359},{"StationId":3025,"StationOrder":15,"StationDirection":1,"RouteId":68,"StationName":"Xăng dầu Phong Phú","pathPoints":"106.65535736,10.70838833 106.65480042,10.70467186","Address":"E4/106, đường Quốc lộ 50, Huyện Bình Chánh","Lat":10.704672,"Lng":106.654801},{"StationId":3024,"StationOrder":16,"StationDirection":1,"RouteId":68,"StationName":"Chùa Thiện Phước","pathPoints":"106.65480042,10.70467186 106.65430450,10.70151520","Address":"E5/142, đường Quốc lộ 50, Huyện Bình Chánh","Lat":10.701515,"Lng":106.654308},{"StationId":3026,"StationOrder":17,"StationDirection":1,"RouteId":68,"StationName":"Trung tâm tư vấn đào tạo Úc Mỹ","pathPoints":"106.65430450,10.70151520 106.65402985,10.69995403 106.65435791,10.69819355","Address":"E7/1914 (Đối diện E8/215), đường Quốc lộ 50, Huyện Bình Chánh","Lat":10.698194,"Lng":106.654356},{"StationId":3027,"StationOrder":18,"StationDirection":1,"RouteId":68,"StationName":"Trạm xăng Kim Quang","pathPoints":"106.65435791,10.69819355 106.65487671,10.69541645","Address":"D7/203, đường Quốc lộ 50, Huyện Bình Chánh","Lat":10.695416,"Lng":106.654876},{"StationId":3028,"StationOrder":19,"StationDirection":1,"RouteId":68,"StationName":"Trịnh Quang Nghị","pathPoints":"106.65487671,10.69541645 106.65504456,10.69426155 106.65494537,10.69251060","Address":"D10/281, đường Quốc lộ 50, Huyện Bình Chánh","Lat":10.692511,"Lng":106.654946},{"StationId":3029,"StationOrder":20,"StationDirection":1,"RouteId":68,"StationName":"Trường Tiểu học Phong Phú","pathPoints":"106.65494537,10.69251060 106.65458679,10.69080353 106.65347290,10.68843079","Address":"B5/126, đường Quốc lộ 50, Huyện Bình Chánh","Lat":10.688431,"Lng":106.653471},{"StationId":3030,"StationOrder":21,"StationDirection":1,"RouteId":68,"StationName":"Sân banh ngã 3","pathPoints":"106.65347290,10.68843079 106.65106964,10.68308640","Address":"A2/33, đường Quốc lộ 50, Huyện Bình Chánh","Lat":10.683086,"Lng":106.651068},{"StationId":3031,"StationOrder":22,"StationDirection":1,"RouteId":68,"StationName":"Hội quán Thanh niên","pathPoints":"106.65106964,10.68308640 106.65047455,10.68155766 106.65033722,10.68084049 106.65032959,10.68021297 106.65048981,10.67798901","Address":"A4/95 (A4/94), đường Quốc lộ 50, Huyện Bình Chánh","Lat":10.677989,"Lng":106.650488},{"StationId":3032,"StationOrder":23,"StationDirection":1,"RouteId":68,"StationName":"Ngã 3 đường 3S","pathPoints":"106.65048981,10.67798901 106.65085602,10.67359161","Address":"E7/194, đường Quốc lộ 50, Huyện Bình Chánh","Lat":10.673592,"Lng":106.650853},{"StationId":3033,"StationOrder":24,"StationDirection":1,"RouteId":68,"StationName":"Trường THCS Đa Phước","pathPoints":"106.65085602,10.67359161 106.65105438,10.66976547","Address":"F11/322 (E11/323), đường Quốc lộ 50, Huyện Bình Chánh","Lat":10.669765,"Lng":106.651052},{"StationId":3034,"StationOrder":25,"StationDirection":1,"RouteId":68,"StationName":"Nghĩa trang Đa Phước","pathPoints":"106.65105438,10.66976547 106.65122986,10.66666985","Address":"D16/460A2, đường Quốc lộ 50, Huyện Bình Chánh","Lat":10.66667,"Lng":106.651229},{"StationId":3035,"StationOrder":26,"StationDirection":1,"RouteId":68,"StationName":"Đường liên Ấp 1-2","pathPoints":"106.65126801,10.66665840 106.65155029,10.66345215","Address":"Cột điện H148P (A14/396), đường Quốc lộ 50, Huyện Bình Chánh","Lat":10.662801,"Lng":106.65154},{"StationId":3036,"StationOrder":27,"StationDirection":1,"RouteId":68,"StationName":"Chùa Linh Hòa","pathPoints":"106.65154266,10.66280079 106.65177917,10.65995407","Address":"Cột điện H154P (D9/261/1A), đường Quốc lộ 50, Huyện Bình Chánh","Lat":10.659954,"Lng":106.651776},{"StationId":3038,"StationOrder":28,"StationDirection":1,"RouteId":68,"StationName":"Chùa Tam Bửu","pathPoints":"106.65177917,10.65995407 106.65188599,10.65900517 106.65313721,10.65616417","Address":"D8/34C (D8/238/8), đường Quốc lộ 50, Huyện Bình Chánh","Lat":10.656164,"Lng":106.653138},{"StationId":3039,"StationOrder":29,"StationDirection":1,"RouteId":68,"StationName":"Chùa Phước Hội","pathPoints":"106.65313721,10.65616417 106.65415955,10.65394402 106.65460968,10.65246296","Address":"D7/221A, đường Quốc lộ 50, Huyện Bình Chánh","Lat":10.652463,"Lng":106.654608},{"StationId":3040,"StationOrder":30,"StationDirection":1,"RouteId":68,"StationName":"Cầu Ông Thìn","pathPoints":"106.65501404,10.65134430 106.65599060,10.64808846","Address":"A8/22A, đường Quốc lộ 50, Huyện Bình Chánh","Lat":10.648087,"Lng":106.655982},{"StationId":3041,"StationOrder":31,"StationDirection":1,"RouteId":68,"StationName":"Trạm xăng Hoàng Thái","pathPoints":"106.65599060,10.64808846 106.65634918,10.64705944 106.65664673,10.64567757 106.65677643,10.64433765","Address":"D7/23A, đường Quốc lộ 50, Huyện Bình Chánh","Lat":10.644338,"Lng":106.656776},{"StationId":3042,"StationOrder":32,"StationDirection":1,"RouteId":68,"StationName":"Hoàng Thái Mart","pathPoints":"106.65677643,10.64433765 106.65677643,10.64433765 106.65718842,10.64123917 106.65754700,10.63935089 106.65779877,10.63846588 106.65803528,10.63784313","Address":"Đối diện 4102 (Đối diện B8/33B6), đường Quốc lộ 50, Huyện Bình Chánh","Lat":10.637843,"Lng":106.658036},{"StationId":4421,"StationOrder":33,"StationDirection":1,"RouteId":68,"StationName":"Nhà máy Kizunai","pathPoints":"106.65803528,10.63784313 106.66023254,10.63329887","Address":"Đối diện A13/2 (Quốc lộ 1A), đường Quốc lộ 50 (Quốc lộ 1A), Huyện Bình Chánh","Lat":10.633299,"Lng":106.66023},{"StationId":675,"StationOrder":34,"StationDirection":1,"RouteId":68,"StationName":"Khánh Vinh","pathPoints":"106.66023254,10.63329887 106.66160583,10.63024044 106.65283966,10.63487530","Address":"D1/27A, đường Hương Lộ 11, Huyện Bình Chánh","Lat":10.634875,"Lng":106.652838},{"StationId":4158,"StationOrder":35,"StationDirection":1,"RouteId":68,"StationName":"Phạm Tấn Mười","pathPoints":"106.65283966,10.63487530 106.65065002,10.63606739","Address":"D1/14 (Kế 1/30B), đường Hương Lộ 11, Huyện Bình Chánh","Lat":10.636067,"Lng":106.650649},{"StationId":3043,"StationOrder":36,"StationDirection":1,"RouteId":68,"StationName":"Hưng Long","pathPoints":"106.65065002,10.63606739 106.64739227,10.63776398 106.64730835,10.63766861","Address":"ĐẦU BẾN HƯNG LONG, đường Quốc lộ 50, Huyện Bình Chánh","Lat":10.637669,"Lng":106.647307}]