[{"StationId":3043,"StationOrder":0,"StationDirection":0,"RouteId":9,"StationName":"Hưng Long","pathPoints":"","Address":"ĐẦU BẾN HƯNG LONG, đường Quốc lộ 50, Huyện Bình Chánh","Lat":10.637669,"Lng":106.647307},{"StationId":672,"StationOrder":1,"StationDirection":0,"RouteId":9,"StationName":"Nguyễn Văn Long","pathPoints":"106.64730835,10.63766861 106.64446259,10.63939285","Address":"B10/21A, đường Hương Lộ 11, Huyện Bình Chánh","Lat":10.639393,"Lng":106.644459},{"StationId":674,"StationOrder":2,"StationDirection":0,"RouteId":9,"StationName":"Nguyễn Văn Thời","pathPoints":"106.64446259,10.63939285 106.64160156,10.64095402","Address":"Đối diện C5/1A, đường Hương Lộ 11, Huyện Bình Chánh","Lat":10.640954,"Lng":106.6416},{"StationId":677,"StationOrder":3,"StationDirection":0,"RouteId":9,"StationName":"Trạm Xăng Hòa Hiệp","pathPoints":"106.64160156,10.64095402 106.63945770,10.64210892","Address":"B12/18 (D12/18), đường Hương Lộ 11, Huyện Bình Chánh","Lat":10.642109,"Lng":106.639454},{"StationId":676,"StationOrder":4,"StationDirection":0,"RouteId":9,"StationName":"Hốc Hưu","pathPoints":"106.63945770,10.64210892 106.63608551,10.64393330","Address":"B6A/15 (B1/6/15), đường Hương Lộ 11, Huyện Bình Chánh","Lat":10.643933,"Lng":106.636085},{"StationId":679,"StationOrder":5,"StationDirection":0,"RouteId":9,"StationName":"Tân Liễu","pathPoints":"106.63608551,10.64393330 106.63218689,10.64601040","Address":"Cột điện HL4-6B (B11/13), đường Hương Lộ 11, Huyện Bình Chánh","Lat":10.64601,"Lng":106.63219},{"StationId":678,"StationOrder":6,"StationDirection":0,"RouteId":9,"StationName":"Hội Quán Thanh Niên","pathPoints":"106.63218689,10.64601040 106.62947845,10.64749146","Address":"B2/13 (Đ/d Hội Quán Thanh Niên), đường Hương Lộ 11, Huyện Bình Chánh","Lat":10.647491,"Lng":106.629481},{"StationId":681,"StationOrder":7,"StationDirection":0,"RouteId":9,"StationName":"Ấp 2","pathPoints":"106.62947845,10.64749146 106.62617493,10.64924240","Address":"C5/31D, đường Hương Lộ 11, Huyện Bình Chánh","Lat":10.649242,"Lng":106.626177},{"StationId":680,"StationOrder":8,"StationDirection":0,"RouteId":9,"StationName":"Ủy ban xã Hưng Long","pathPoints":"106.62617493,10.64924240 106.62200928,10.65137672","Address":"Ủy ban nhân dân xã Hưng Long, đường Hương Lộ 11, Huyện Bình Chánh","Lat":10.651377,"Lng":106.622009},{"StationId":683,"StationOrder":9,"StationDirection":0,"RouteId":9,"StationName":"Đường Liên ấp 3-4-5","pathPoints":"106.62200928,10.65137672 106.61959076,10.65263653","Address":"C16/25A1 (C16A/25), đường Hương Lộ 11, Huyện Bình Chánh","Lat":10.652637,"Lng":106.619589},{"StationId":682,"StationOrder":10,"StationDirection":0,"RouteId":9,"StationName":"Trạm y tế xã Hưng Long","pathPoints":"106.61959076,10.65263653 106.61679077,10.65400791","Address":"Trạm y tế xã Hưng Long, đường Hương Lộ 11, Huyện Bình Chánh","Lat":10.654008,"Lng":106.616789},{"StationId":685,"StationOrder":11,"StationDirection":0,"RouteId":9,"StationName":"Trạm xăng dầu Mười Vũ","pathPoints":"106.61679077,10.65400791 106.61310577,10.65586853","Address":"D10/45, đường Hương Lộ 11, Huyện Bình Chánh","Lat":10.655869,"Lng":106.613104},{"StationId":684,"StationOrder":12,"StationDirection":0,"RouteId":9,"StationName":"Phòng khám Thanh Lịch","pathPoints":"106.61310577,10.65586853 106.61022186,10.65732861","Address":"D12/41 (D12B/41), đường Hương Lộ 11, Huyện Bình Chánh","Lat":10.657329,"Lng":106.610223},{"StationId":687,"StationOrder":13,"StationDirection":0,"RouteId":9,"StationName":"chợ Hưng Long","pathPoints":"106.61022186,10.65732861 106.60676575,10.65901089","Address":"D11/40 (Đối diện chợ Hưng Long), đường Hương Lộ 11, Huyện Bình Chánh","Lat":10.659011,"Lng":106.606768},{"StationId":686,"StationOrder":14,"StationDirection":0,"RouteId":9,"StationName":"Trường Tân Quý Tây","pathPoints":"106.60676575,10.65901089 106.60479736,10.65995979","Address":"A1/4 (Trường Tân Quý Tây), đường Hương Lộ 11, Huyện Bình Chánh","Lat":10.65996,"Lng":106.604794},{"StationId":689,"StationOrder":15,"StationDirection":0,"RouteId":9,"StationName":"Mầm non Bông Sen","pathPoints":"106.60479736,10.65995979 106.60059357,10.66207886","Address":"71/5 (Mầm non Bông Sen), đường Hương Lộ 11, Huyện Bình Chánh","Lat":10.662079,"Lng":106.600594},{"StationId":688,"StationOrder":16,"StationDirection":0,"RouteId":9,"StationName":"Công ty Thông Hương","pathPoints":"106.60059357,10.66207886 106.60002136,10.66234779 106.59896088,10.66183090","Address":"9/6B, đường Hương Lộ 11, Huyện Bình Chánh","Lat":10.661831,"Lng":106.598958},{"StationId":691,"StationOrder":17,"StationDirection":0,"RouteId":9,"StationName":"Minh Quân","pathPoints":"106.59896088,10.66183090 106.59513092,10.66016006","Address":"B17/20 (D17/20), đường Hương Lộ 11, Huyện Bình Chánh","Lat":10.66016,"Lng":106.595128},{"StationId":690,"StationOrder":18,"StationDirection":0,"RouteId":9,"StationName":"Đình Phước Bình","pathPoints":"106.59513092,10.66016006 106.59172058,10.65859890","Address":"12/11C, đường Hương Lộ 11, Huyện Bình Chánh","Lat":10.658599,"Lng":106.591721},{"StationId":693,"StationOrder":19,"StationDirection":0,"RouteId":9,"StationName":"Xã Tân Quý Tây","pathPoints":"106.59172058,10.65859890 106.58852386,10.65725994","Address":"Đ/d D5/11A (Xã Tân Quý Tây), đường Hương Lộ 11, Huyện Bình Chánh","Lat":10.65726,"Lng":106.588524},{"StationId":692,"StationOrder":20,"StationDirection":0,"RouteId":9,"StationName":"Chùa Liên Hoa","pathPoints":"106.58852386,10.65725994 106.58603668,10.65620613","Address":"Đ/d 3/14B (Chùa Liên Hoa), đường Hương lộ 11, Huyện Bình Chánh","Lat":10.656206,"Lng":106.586035},{"StationId":695,"StationOrder":21,"StationDirection":0,"RouteId":9,"StationName":"Đinh Đức Thiện - Hương lộ 11","pathPoints":"106.58603668,10.65620613 106.58554840,10.65595341 106.58517456,10.65578461 106.58464813,10.65610123","Address":"B1/12, đường Đinh Đức Thiện, Huyện Bình Chánh","Lat":10.656101,"Lng":106.584646},{"StationId":694,"StationOrder":22,"StationDirection":0,"RouteId":9,"StationName":"Công ty Tia Sáng","pathPoints":"106.58434296,10.65628529 106.58285522,10.65721321","Address":"D16/6 (1/11A), đường Đinh Đức Thiện, Huyện Bình Chánh","Lat":10.657213,"Lng":106.582854},{"StationId":697,"StationOrder":23,"StationDirection":0,"RouteId":9,"StationName":"Điện máy Lộc Đức","pathPoints":"106.58285522,10.65721321 106.58069611,10.65848923","Address":"D17/39, đường Đinh Đức Thiện, Huyện Bình Chánh","Lat":10.658847,"Lng":106.580096},{"StationId":696,"StationOrder":24,"StationDirection":0,"RouteId":9,"StationName":"Bờ Kinh","pathPoints":"106.58009338,10.65884686 106.57666016,10.66090298 106.57666016,10.66090298","Address":"Đ/d C13/42D (Đối diện C13/41), đường Đinh Đức Thiện, Huyện Bình Chánh","Lat":10.660903,"Lng":106.576663},{"StationId":3435,"StationOrder":25,"StationDirection":0,"RouteId":9,"StationName":"Trịnh Như Khuê","pathPoints":"106.57666016,10.66090298 106.57494354,10.66189957 106.57379150,10.66237926","Address":"13/11 (Đối diện C10/13), đường Đinh Đức Thiện, Huyện Bình Chánh","Lat":10.663328,"Lng":106.571363},{"StationId":699,"StationOrder":26,"StationDirection":0,"RouteId":9,"StationName":"Chợ Bình Chánh","pathPoints":"106.57379150,10.66237926 106.57047272,10.66374969 106.56990051,10.66477299 106.57183838,10.66630077","Address":"D6/33, đường Quốc lộ 1A, Huyện Bình Chánh","Lat":10.666301,"Lng":106.571835},{"StationId":698,"StationOrder":27,"StationDirection":0,"RouteId":9,"StationName":"Trường Trần Đại Nghĩa","pathPoints":"106.57183838,10.66630077 106.57183838,10.66630077 106.57490540,10.66874218","Address":"D6/18, đường Quốc lộ 1A, Huyện Bình Chánh","Lat":10.668742,"Lng":106.574904},{"StationId":701,"StationOrder":28,"StationDirection":0,"RouteId":9,"StationName":"Trịnh Như Khuê","pathPoints":"106.57490540,10.66874218 106.57666016,10.67019653","Address":"D10/6B, đường Quốc lộ 1A, Huyện Bình Chánh","Lat":10.670197,"Lng":106.576663},{"StationId":700,"StationOrder":29,"StationDirection":0,"RouteId":9,"StationName":"Ô tô Hải Âu","pathPoints":"106.57666016,10.67019653 106.58233643,10.67552185","Address":"C3/21F, đường Quốc lộ 1A, Huyện Bình Chánh","Lat":10.675522,"Lng":106.582333},{"StationId":703,"StationOrder":30,"StationDirection":0,"RouteId":9,"StationName":"Văn phòng Ấp 5","pathPoints":"106.58568573,10.67840481 106.58882904,10.68098831","Address":"C11/11 (11/10), đường Quốc lộ 1A, Huyện Bình Chánh","Lat":10.681405,"Lng":106.58928},{"StationId":3431,"StationOrder":31,"StationDirection":0,"RouteId":9,"StationName":"Công ty Thiên Lộc","pathPoints":"106.58927917,10.68140507 106.59250641,10.68451977","Address":"14/27F (Đối diện D7/3B), đường Quốc lộ 1A, Huyện Bình Chánh","Lat":10.68452,"Lng":106.59251},{"StationId":3432,"StationOrder":32,"StationDirection":0,"RouteId":9,"StationName":"An Phú Tây","pathPoints":"106.59250641,10.68451977 106.59295654,10.68535328 106.59355164,10.68650246 106.59369659,10.68687630","Address":"359A/14, đường Quốc lộ 1A, Huyện Bình Chánh","Lat":10.686876,"Lng":106.593695},{"StationId":702,"StationOrder":33,"StationDirection":0,"RouteId":9,"StationName":"Nút giao Bình Thuận","pathPoints":"106.59369659,10.68687630 106.59542847,10.69181633","Address":"Cột điện T86T (194A/8), đường Quốc lộ 1A, Huyện Bình Chánh","Lat":10.691816,"Lng":106.595428},{"StationId":704,"StationOrder":34,"StationDirection":0,"RouteId":9,"StationName":"Nguyễn Hữu Trí","pathPoints":"106.59542847,10.69181633 106.59706116,10.69716072","Address":"Cột điện T65T (45/2A), đường Quốc lộ 1A, Huyện Bình Chánh","Lat":10.697161,"Lng":106.597059},{"StationId":705,"StationOrder":35,"StationDirection":0,"RouteId":9,"StationName":"Dương Đình Cúc","pathPoints":"106.59706116,10.69716072 106.59758759,10.70018673 106.59745789,10.70400238 106.59826660,10.70658016","Address":"C14/17, đường Quốc lộ 1A, Huyện Bình Chánh","Lat":10.706422,"Lng":106.598276},{"StationId":706,"StationOrder":36,"StationDirection":0,"RouteId":9,"StationName":"Hưng Nhơn","pathPoints":"106.59826660,10.70658016 106.59956360,10.71358967","Address":"C12/3, đường Quốc lộ 1A, Huyện Bình Chánh","Lat":10.71202,"Lng":106.599339},{"StationId":711,"StationOrder":37,"StationDirection":0,"RouteId":9,"StationName":"Trần Đại Nghĩa","pathPoints":"106.59956360,10.71358967 106.59955597,10.71359062 106.60029602,10.71768570 106.60090637,10.72177696 106.60094452,10.72133255","Address":"591B (cầu bộ hành), đường Quốc lộ 1A, Huyện Bình Chánh","Lat":10.720838,"Lng":106.600878},{"StationId":708,"StationOrder":38,"StationDirection":0,"RouteId":9,"StationName":"Cầu An Lạc","pathPoints":"106.60094452,10.72133255 106.60090637,10.72177696 106.60110474,10.72268295 106.60160828,10.72348404 106.60195160,10.72385311 106.60215759,10.72420597 106.60234070,10.72431660","Address":"849-851, đường Kinh Dương Vương, Quận Bình Tân","Lat":10.724317,"Lng":106.602337},{"StationId":712,"StationOrder":39,"StationDirection":0,"RouteId":9,"StationName":"Hoa Hồng","pathPoints":"106.60234070,10.72431660 106.60257721,10.72475910 106.60305786,10.72522354 106.60477448,10.72641945 106.60519409,10.72658253","Address":"771, đường Kinh Dương Vương, Quận Bình Tân","Lat":10.726583,"Lng":106.605191},{"StationId":709,"StationOrder":40,"StationDirection":0,"RouteId":9,"StationName":"Hàng Dương","pathPoints":"106.60519409,10.72658253 106.60601807,10.72725201 106.60760498,10.72832012 106.60760498,10.72832012","Address":"703, đường Kinh Dương Vương, Quận Bình Tân","Lat":10.72832,"Lng":106.607605},{"StationId":714,"StationOrder":41,"StationDirection":0,"RouteId":9,"StationName":"Ủy ban","pathPoints":"106.60760498,10.72832012 106.60760498,10.72832012 106.60823822,10.72869682 106.60923004,10.72938728 106.60974121,10.72972965 106.61025238,10.72997665","Address":"631-637, đường Kinh Dương Vương, Quận Bình Tân","Lat":10.729977,"Lng":106.610255},{"StationId":710,"StationOrder":42,"StationDirection":0,"RouteId":9,"StationName":"Lâm Thành","pathPoints":"106.61025238,10.72997665 106.61050415,10.73048878 106.61253357,10.73375130 106.61298370,10.73427773","Address":"289(561), đường Kinh Dương Vương, Quận Bình Tân","Lat":10.734278,"Lng":106.61298},{"StationId":716,"StationOrder":43,"StationDirection":0,"RouteId":9,"StationName":"Tên Lửa","pathPoints":"106.61298370,10.73427773 106.61325073,10.73487854 106.61454010,10.73712444 106.61490631,10.73754120","Address":"251(511), đường Kinh Dương Vương, Quận Bình Tân","Lat":10.737541,"Lng":106.614906},{"StationId":713,"StationOrder":44,"StationDirection":0,"RouteId":9,"StationName":"Bệnh viện Triều An","pathPoints":"106.61490631,10.73754120 106.61490631,10.73754120 106.61528015,10.73815155 106.61576080,10.73875809 106.61632538,10.73920631 106.61686707,10.73966503 106.61686707,10.73966503","Address":"Bệnh viện Triều An, đường Kinh Dương Vương, Quận Bình Tân","Lat":10.739665,"Lng":106.61687},{"StationId":119,"StationOrder":45,"StationDirection":0,"RouteId":9,"StationName":"Bến xe Miền Tây","pathPoints":"106.61686707,10.73966503 106.61846924,10.74103546","Address":"Bến xe Miền Tây, đường Kinh Dương Vương, Quận Bình Tân","Lat":10.741035,"Lng":106.618468},{"StationId":4149,"StationOrder":46,"StationDirection":0,"RouteId":9,"StationName":"Chợ An Lạc ","pathPoints":"106.61846924,10.74103546 106.62136078,10.74339581","Address":"49-51 (317) - KIA , đường Kinh Dương Vương, Quận Bình Tân","Lat":10.743396,"Lng":106.62136},{"StationId":140,"StationOrder":47,"StationDirection":0,"RouteId":9,"StationName":"Kinh Dương Vương","pathPoints":"106.62136078,10.74339581 106.62225342,10.74422836 106.62316132,10.74491882","Address":"7, đường Kinh Dương Vương, Quận Bình Tân","Lat":10.744919,"Lng":106.623162},{"StationId":718,"StationOrder":48,"StationDirection":0,"RouteId":9,"StationName":"Công viên Phú Lâm","pathPoints":"106.62316132,10.74491882 106.62333679,10.74515629 106.62362671,10.74527264 106.62384033,10.74534035 106.62398529,10.74553013 106.62394714,10.74564648 106.62432098,10.74612045 106.62524414,10.74691677 106.62580872,10.74739075 106.62633514,10.74775982","Address":"209 , đường Kinh Dương Vương, Quận 6","Lat":10.747549,"Lng":106.626257},{"StationId":715,"StationOrder":49,"StationDirection":0,"RouteId":9,"StationName":"Hồ Bơi Phú Lâm","pathPoints":"106.62633514,10.74775982 106.62633514,10.74775982 106.62679291,10.74818134 106.62728882,10.74856091 106.62772369,10.74887657 106.62772369,10.74887657","Address":"157 , đường Kinh Dương Vương, Quận 6","Lat":10.748914,"Lng":106.627963},{"StationId":720,"StationOrder":50,"StationDirection":0,"RouteId":9,"StationName":"Cư xá Phú Lâm","pathPoints":"106.62772369,10.74887657 106.62772369,10.74887657 106.62864685,10.74957848 106.63020325,10.75082684 106.63075256,10.75120068 106.63075256,10.75120068","Address":"93, đường Kinh Dương Vương, Quận 6","Lat":10.751217,"Lng":106.630914},{"StationId":717,"StationOrder":51,"StationDirection":0,"RouteId":9,"StationName":"Vòng xoay Phú Lâm","pathPoints":"106.63075256,10.75120068 106.63075256,10.75120068 106.63143158,10.75178146 106.63230133,10.75249290 106.63298798,10.75294590 106.63352203,10.75324631 106.63352203,10.75324631","Address":"27A, đường Kinh Dương Vương, Quận 6","Lat":10.75322,"Lng":106.633542},{"StationId":724,"StationOrder":52,"StationDirection":0,"RouteId":9,"StationName":"Cầu Ông Buông","pathPoints":"106.63352203,10.75324631 106.63393402,10.75367355 106.63417816,10.75380516 106.63444519,10.75366211 106.63468933,10.75375748 106.63482666,10.75403118 106.63520050,10.75432110 106.63577271,10.75441647 106.63697815,10.75450134 106.63749695,10.75459576 106.63799286,10.75454807","Address":"959, đường Hồng Bàng, Quận 6","Lat":10.754548,"Lng":106.637995},{"StationId":719,"StationOrder":53,"StationDirection":0,"RouteId":9,"StationName":"Ngân hàng ACB","pathPoints":"106.63799286,10.75454807 106.63799286,10.75454807 106.63817596,10.75458622 106.63922882,10.75454235 106.64124298,10.75429535 106.64124298,10.75429535","Address":"871, đường Hồng Bàng, Quận 6","Lat":10.754295,"Lng":106.641245},{"StationId":721,"StationOrder":54,"StationDirection":0,"RouteId":9,"StationName":"Trường Nguyễn Đức Cảnh","pathPoints":"106.64124298,10.75429535 106.64124298,10.75429535 106.64299011,10.75414753 106.64400482,10.75402069 106.64400482,10.75402069","Address":"799, đường Hồng Bàng, Quận 6","Lat":10.754021,"Lng":106.644003},{"StationId":723,"StationOrder":55,"StationDirection":0,"RouteId":9,"StationName":"Chùa Nam Phổ Đà","pathPoints":"106.64400482,10.75402069 106.64595795,10.75378895","Address":"733-735, đường Hồng Bàng, Quận 6","Lat":10.753789,"Lng":106.645955},{"StationId":722,"StationOrder":56,"StationDirection":0,"RouteId":9,"StationName":"Lò Siêu","pathPoints":"106.64595795,10.75378895 106.64595795,10.75378895 106.64595795,10.75378895 106.64668274,10.75370979 106.64732361,10.75364685 106.64732361,10.75364685 106.64732361,10.75364685","Address":"647, đường Hồng Bàng, Quận 6","Lat":10.753647,"Lng":106.647323},{"StationId":464,"StationOrder":57,"StationDirection":0,"RouteId":9,"StationName":"Bến xe Chợ Lớn","pathPoints":"106.64732361,10.75364685 106.65072632,10.75331974 106.65233612,10.75333118","Address":"555, đường Hồng Bàng, Quận 5","Lat":10.753331,"Lng":106.652334},{"StationId":8,"StationOrder":58,"StationDirection":0,"RouteId":9,"StationName":"Bến xe Chợ Lớn","pathPoints":"106.65233612,10.75333118 106.65377045,10.75363064 106.65330505,10.75169659 106.65313721,10.75147057 106.65296936,10.75133324 106.65256500,10.75125313","Address":"GA HKXB CHO LON, đường Lê Quang Sung, Quận 5","Lat":10.751253128051758,"Lng":106.6525650024414},{"StationId":8,"StationOrder":0,"StationDirection":1,"RouteId":9,"StationName":"Bến xe Chợ Lớn","pathPoints":"","Address":"GA HKXB CHO LON, đường Lê Quang Sung, Quận 5","Lat":10.751253128051758,"Lng":106.6525650024414},{"StationId":621,"StationOrder":1,"StationDirection":1,"RouteId":9,"StationName":"Trường Võ Văn Tần","pathPoints":"106.65256500,10.75125313 106.65221405,10.75122738 106.65207672,10.75117493 106.65200043,10.75107479 106.65099335,10.75101185 106.64961243,10.75117493 106.64974976,10.75227070","Address":"96-98, đường Phạm Đình Hổ, Quận 6","Lat":10.752271,"Lng":106.64975},{"StationId":620,"StationOrder":2,"StationDirection":1,"RouteId":9,"StationName":"Cây Mai","pathPoints":"106.64974976,10.75227070 106.64984131,10.75363636 106.64926147,10.75368881","Address":"384, đường Hồng Bàng, Quận 11","Lat":10.753689,"Lng":106.64926},{"StationId":622,"StationOrder":3,"StationDirection":1,"RouteId":9,"StationName":"Lò Siêu","pathPoints":"106.64926147,10.75368881 106.64678955,10.75395203","Address":"508, đường Hồng Bàng, Quận 11","Lat":10.753952,"Lng":106.646787},{"StationId":624,"StationOrder":4,"StationDirection":1,"RouteId":9,"StationName":"Cây Gõ","pathPoints":"106.64678955,10.75395203 106.64678955,10.75395203 106.64557648,10.75405788 106.64437103,10.75423241 106.64437103,10.75423241","Address":"638-640, đường Hồng Bàng, Quận 11","Lat":10.754232,"Lng":106.644368},{"StationId":625,"StationOrder":5,"StationDirection":1,"RouteId":9,"StationName":"Chùa Huê Lâm","pathPoints":"106.64437103,10.75423241 106.64278412,10.75437450 106.64122772,10.75455761","Address":"690 (138), đường Hồng Bàng, Quận 11","Lat":10.754558,"Lng":106.641229},{"StationId":623,"StationOrder":6,"StationDirection":1,"RouteId":9,"StationName":"Tân Hóa","pathPoints":"106.64122772,10.75455761 106.63910675,10.75477982 106.63842773,10.75477028","Address":"732, đường Hồng Bàng, Quận 11","Lat":10.754748,"Lng":106.639089},{"StationId":626,"StationOrder":7,"StationDirection":1,"RouteId":9,"StationName":"Cầu Ông Buông","pathPoints":"106.63842773,10.75477028 106.63761139,10.75486374 106.63706207,10.75479031 106.63665771,10.75483799 106.63618469,10.75483227 106.63591766,10.75480652 106.63557434,10.75473213","Address":"832-834, đường Hồng Bàng, Quận 6","Lat":10.754732,"Lng":106.635574},{"StationId":627,"StationOrder":8,"StationDirection":1,"RouteId":9,"StationName":"Vòng xoay Phú Lâm","pathPoints":"106.63557434,10.75473213 106.63557434,10.75473213 106.63470459,10.75426292 106.63449860,10.75430012 106.63428497,10.75424767 106.63415527,10.75408459 106.63415527,10.75385761 106.63336182,10.75334644","Address":"528, đường Kinh Dương Vương, Quận 6","Lat":10.753346,"Lng":106.633365},{"StationId":628,"StationOrder":9,"StationDirection":1,"RouteId":9,"StationName":"Cư Xá Phú Lâm","pathPoints":"106.63312531,10.75319958 106.63088989,10.75146103","Address":"40-42(580), đường Kinh Dương Vương, Quận 6","Lat":10.751475,"Lng":106.63089},{"StationId":629,"StationOrder":10,"StationDirection":1,"RouteId":9,"StationName":"Hồ Bơi Phú Lâm","pathPoints":"106.63088989,10.75146103 106.62843323,10.74956036","Address":"94-96, đường Kinh Dương Vương, Quận 6","Lat":10.749589,"Lng":106.628435},{"StationId":1386,"StationOrder":11,"StationDirection":1,"RouteId":9,"StationName":"Công Viên Phú Lâm","pathPoints":"106.62843323,10.74958897 106.62452698,10.74638367","Address":"Đối diện 907, đường Kinh Dương Vương, Quận 6","Lat":10.746384,"Lng":106.624525},{"StationId":117,"StationOrder":12,"StationDirection":1,"RouteId":9,"StationName":"Vòng xoay Kinh Dương Vương","pathPoints":"106.62452698,10.74638367 106.62425995,10.74613094 106.62394714,10.74568367 106.62385559,10.74570942 106.62377167,10.74571514 106.62369537,10.74569416 106.62362671,10.74564075 106.62349701,10.74558353 106.62332153,10.74547291 106.62266541,10.74488258 106.62247467,10.74474621","Address":"212-214, đường Kinh Dương Vương, Quận Bình Tân","Lat":10.744746,"Lng":106.622475},{"StationId":116,"StationOrder":13,"StationDirection":1,"RouteId":9,"StationName":"Bến xe Miền Tây","pathPoints":"106.62247467,10.74474621 106.62247467,10.74474621 106.62198639,10.74429703 106.62147522,10.74386501 106.62094879,10.74343300 106.62044525,10.74300098 106.61978912,10.74244213 106.61911011,10.74193573","Address":"358-360, đường Kinh Dương Vương, Quận Bình Tân","Lat":10.741973,"Lng":106.619096},{"StationId":4150,"StationOrder":14,"StationDirection":1,"RouteId":9,"StationName":"428, Kinh Dương Vương","pathPoints":"106.61909485,10.74197292 106.61837769,10.74138260","Address":"428, đường Kinh Dương Vương, Quận Bình Tân","Lat":10.741383,"Lng":106.618377},{"StationId":630,"StationOrder":15,"StationDirection":1,"RouteId":9,"StationName":"Bệnh viện Triều An","pathPoints":"106.61837769,10.74138260 106.61790466,10.74094009 106.61639404,10.73967457","Address":"480 (EXIMBANK), đường Kinh Dương Vương, Quận Bình Tân","Lat":10.739675,"Lng":106.616392},{"StationId":631,"StationOrder":16,"StationDirection":1,"RouteId":9,"StationName":"Hàng Dương","pathPoints":"106.61639404,10.73967457 106.61544800,10.73885250 106.61504364,10.73830509 106.61314392,10.73513794","Address":"548, đường Kinh Dương Vương, Quận Bình Tân","Lat":10.735138,"Lng":106.613144},{"StationId":632,"StationOrder":17,"StationDirection":1,"RouteId":9,"StationName":"SinCo","pathPoints":"106.61314392,10.73513794 106.61103058,10.73167419","Address":"Đối diện nhà trọ Thanh Trường, đường Kinh Dương Vương, Quận Bình Tân","Lat":10.731674,"Lng":106.611028},{"StationId":633,"StationOrder":18,"StationDirection":1,"RouteId":9,"StationName":"Hoa hồng","pathPoints":"106.61103058,10.73167419 106.61064148,10.73102093 106.61013794,10.73030376 106.60967255,10.72996712 106.60827637,10.72901440","Address":"620, đường Kinh Dương Vương, Quận Bình Tân","Lat":10.729014,"Lng":106.608276},{"StationId":634,"StationOrder":19,"StationDirection":1,"RouteId":9,"StationName":"An Lạc","pathPoints":"106.60827637,10.72901440 106.60706329,10.72817993 106.60575104,10.72733021","Address":"676, đường Kinh Dương Vương, Quận Bình Tân","Lat":10.72733,"Lng":106.605751},{"StationId":635,"StationOrder":20,"StationDirection":1,"RouteId":9,"StationName":"Thời trang","pathPoints":"106.60575104,10.72733021 106.60440826,10.72639847 106.60302734,10.72546577","Address":"724, đường Kinh Dương Vương, Quận Bình Tân","Lat":10.725466,"Lng":106.603027},{"StationId":636,"StationOrder":21,"StationDirection":1,"RouteId":9,"StationName":"Bãi xe Phương Trang","pathPoints":"106.60302734,10.72546577 106.60302734,10.72546577 106.60179138,10.72411633 106.60139465,10.72406387 106.60102081,10.72385311 106.60039520,10.72099400 106.60037994,10.72133255","Address":"Bãi xe Phương Trang, đường Quốc lộ 1A, Huyện Bình Chánh","Lat":10.721022,"Lng":106.600342},{"StationId":637,"StationOrder":22,"StationDirection":1,"RouteId":9,"StationName":"Hưng Nhơn","pathPoints":"106.60033417,10.72101212 106.60005188,10.71951962","Address":"B1/5, đường Quốc lộ 1A, Huyện Bình Chánh","Lat":10.712241,"Lng":106.598791},{"StationId":638,"StationOrder":23,"StationDirection":1,"RouteId":9,"StationName":"Dương Đình Cúc","pathPoints":"106.59890747,10.71327972 106.59809113,10.70705986","Address":"C3/4, đường Quốc lộ 1A, Huyện Bình Chánh","Lat":10.70706,"Lng":106.598089},{"StationId":639,"StationOrder":24,"StationDirection":1,"RouteId":9,"StationName":"Nguyễn Hữu Trí","pathPoints":"106.59809113,10.70705986 106.59847260,10.70945263 106.59816742,10.70752335 106.59786224,10.70595264 106.59727478,10.70433998 106.59706116,10.70279026 106.59724426,10.70028114 106.59719849,10.69917393 106.59671783,10.69681263 106.59641266,10.69611168","Address":"Kế E9/21, đường Quốc lộ 1A, Huyện Bình Chánh","Lat":10.696112,"Lng":106.596415},{"StationId":640,"StationOrder":25,"StationDirection":1,"RouteId":9,"StationName":"Nút giao Bình Thuận","pathPoints":"106.59641266,10.69611168 106.59510040,10.69188404","Address":"D1/25, đường Quốc lộ 1A, Huyện Bình Chánh","Lat":10.691884,"Lng":106.595101},{"StationId":3422,"StationOrder":26,"StationDirection":1,"RouteId":9,"StationName":"An Phú Tây","pathPoints":"106.59510040,10.69188404 106.59371948,10.68761444","Address":"D5/38B (38A), đường Quốc lộ 1A, Huyện Bình Chánh","Lat":10.687614,"Lng":106.593717},{"StationId":3430,"StationOrder":27,"StationDirection":1,"RouteId":9,"StationName":"Công ty Thiên Lộc","pathPoints":"106.59371948,10.68761444 106.59313202,10.68614388 106.59233093,10.68472004","Address":"D7/3C (D7/3B), đường Quốc lộ 1A, Huyện Bình Chánh","Lat":10.68472,"Lng":106.592333},{"StationId":641,"StationOrder":28,"StationDirection":1,"RouteId":9,"StationName":"Văn phòng Ấp 5","pathPoints":"106.59233093,10.68472004 106.58896637,10.68149376","Address":"C11/12, đường Quốc lộ 1A, Huyện Bình Chánh","Lat":10.681494,"Lng":106.588969},{"StationId":643,"StationOrder":29,"StationDirection":1,"RouteId":9,"StationName":"Ô tô Hải Âu","pathPoints":"106.58896637,10.68149376 106.58315277,10.67652798","Address":"Hyundai Trường Chinh C9/36A (Ô tô Hải Âu), đường Quốc lộ 1A, Huyện Bình Chánh","Lat":10.676528,"Lng":106.583154},{"StationId":642,"StationOrder":30,"StationDirection":1,"RouteId":9,"StationName":"Bùi Thanh Khiết","pathPoints":"106.58315277,10.67652798 106.58024597,10.67387676","Address":"C4/26A, đường Quốc lộ 1A, Huyện Bình Chánh","Lat":10.673877,"Lng":106.580247},{"StationId":644,"StationOrder":31,"StationDirection":1,"RouteId":9,"StationName":"Trịnh Như Khuê","pathPoints":"106.58024597,10.67387676 106.58024597,10.67387676 106.57848358,10.67205811 106.57665253,10.67056084 106.57665253,10.67056084","Address":"A17/10 (A17/8), đường Quốc lộ 1A, Huyện Bình Chánh","Lat":10.670561,"Lng":106.576653},{"StationId":645,"StationOrder":32,"StationDirection":1,"RouteId":9,"StationName":"Trường Trần Đại Nghĩa","pathPoints":"106.57665253,10.67056084 106.57665253,10.67056084 106.57565308,10.66970158 106.57454681,10.66887379 106.57454681,10.66887379","Address":"A16/4, đường Quốc lộ 1A, Huyện Bình Chánh","Lat":10.668874,"Lng":106.57455},{"StationId":646,"StationOrder":33,"StationDirection":1,"RouteId":9,"StationName":"Chợ Bình Chánh","pathPoints":"106.57454681,10.66887379 106.57150269,10.66646957","Address":"A13/7, đường Quốc lộ 1A, Huyện Bình Chánh","Lat":10.66647,"Lng":106.571503},{"StationId":647,"StationOrder":34,"StationDirection":1,"RouteId":9,"StationName":"Trịnh Như Khuê","pathPoints":"106.57173920,10.66637516 106.56974792,10.66481495 106.57038116,10.66364956 106.57086182,10.66340733 106.57330322,10.66245842","Address":"C10/13, đường Đinh Đức Thiện, Huyện Bình Chánh","Lat":10.663265,"Lng":106.571159},{"StationId":648,"StationOrder":35,"StationDirection":1,"RouteId":9,"StationName":"Bờ Kinh","pathPoints":"106.57330322,10.66245842 106.57489014,10.66181564 106.57605743,10.66112518","Address":"C13/38, đường Đinh Đức Thiện, Huyện Bình Chánh","Lat":10.660914,"Lng":106.5764},{"StationId":649,"StationOrder":36,"StationDirection":1,"RouteId":9,"StationName":"Điện máy Lộc Đức","pathPoints":"106.57640076,10.66091442 106.57997131,10.65879440","Address":"C15/47, đường Đinh Đức Thiện, Huyện Bình Chánh","Lat":10.658794,"Lng":106.579973},{"StationId":650,"StationOrder":37,"StationDirection":1,"RouteId":9,"StationName":"Công ty Tia Sáng","pathPoints":"106.57997131,10.65879440 106.58266449,10.65717125","Address":"Cột điện T45P (C17/53), đường Đinh Đức Thiện, Huyện Bình Chánh","Lat":10.657171,"Lng":106.582661},{"StationId":651,"StationOrder":38,"StationDirection":1,"RouteId":9,"StationName":"Hương lộ 11 - Đinh Đức Thiện","pathPoints":"106.58306885,10.65691757 106.58380127,10.65647984 106.58454132,10.65602112","Address":"D1/8, đường Đinh Đức Thiện, Huyện Bình Chánh","Lat":10.656021,"Lng":106.584538},{"StationId":653,"StationOrder":39,"StationDirection":1,"RouteId":9,"StationName":"Chùa Liên Hoa","pathPoints":"106.58454132,10.65602112 106.58516693,10.65567303 106.58563995,10.65590477","Address":"C10/30 (Đối diện Chùa Liên Hoa), đường Hương Lộ 11, Huyện Bình Chánh","Lat":10.656058,"Lng":106.586008},{"StationId":652,"StationOrder":40,"StationDirection":1,"RouteId":9,"StationName":"Xã Tân Quý Tây","pathPoints":"106.58600616,10.65605831 106.58840942,10.65710163","Address":"D5/12, đường Hương Lộ 11, Huyện Bình Chánh","Lat":10.657102,"Lng":106.588406},{"StationId":655,"StationOrder":41,"StationDirection":1,"RouteId":9,"StationName":"Đình Phước Bình","pathPoints":"106.58840942,10.65710163 106.59164429,10.65844059","Address":"D7/7, đường Hương Lộ 11, Huyện Bình Chánh","Lat":10.658441,"Lng":106.591641},{"StationId":654,"StationOrder":42,"StationDirection":1,"RouteId":9,"StationName":"Minh Quân","pathPoints":"106.59164429,10.65844059 106.59164429,10.65844059 106.59332275,10.65920830 106.59416962,10.65963840 106.59500122,10.65997505 106.59500122,10.65997505","Address":"Kế D10/9B (D10/9), đường Hương Lộ 11, Huyện Bình Chánh","Lat":10.659975,"Lng":106.594999},{"StationId":657,"StationOrder":43,"StationDirection":1,"RouteId":9,"StationName":"Công ty Thông Hương","pathPoints":"106.59500122,10.65997505 106.59887695,10.66165733","Address":"D12/1, đường Hương Lộ 11, Huyện Bình Chánh","Lat":10.661657,"Lng":106.598877},{"StationId":656,"StationOrder":44,"StationDirection":1,"RouteId":9,"StationName":"Mầm non Bông Sen","pathPoints":"106.59887695,10.66165733 106.60007477,10.66225815 106.60068512,10.66191006","Address":"13/7D (Đối diện Mầm non Bông Sen), đường Hương Lộ 11, Huyện Bình Chánh","Lat":10.66191,"Lng":106.600685},{"StationId":659,"StationOrder":45,"StationDirection":1,"RouteId":9,"StationName":"Trường Tân Quý Tây","pathPoints":"106.60068512,10.66191006 106.60461426,10.65991211","Address":"Đ/d Mầm non Hoa Hồng 2 (D16/17A), đường Hương Lộ 11, Huyện Bình Chánh","Lat":10.659912,"Lng":106.604617},{"StationId":658,"StationOrder":46,"StationDirection":1,"RouteId":9,"StationName":"Chợ Hưng Long","pathPoints":"106.60461426,10.65991211 106.60681915,10.65884686","Address":"D16/34 - D16/39, đường Hương Lộ 11, Huyện Bình Chánh","Lat":10.658847,"Lng":106.606822},{"StationId":661,"StationOrder":47,"StationDirection":1,"RouteId":9,"StationName":"Phòng khám Thanh Lịch","pathPoints":"106.60681915,10.65884686 106.61033630,10.65711784","Address":"Đ/d D2/42 (577), đường Hương Lộ 11, Huyện Bình Chánh","Lat":10.657118,"Lng":106.610336},{"StationId":660,"StationOrder":48,"StationDirection":1,"RouteId":9,"StationName":"Trạm xăng dầu Mười Vũ","pathPoints":"106.61033630,10.65711784 106.61329651,10.65563107","Address":"Cột điện 73P Trạm xăng dầu Mười Vũ, đường Hương Lộ 11, Huyện Bình Chánh","Lat":10.655631,"Lng":106.613297},{"StationId":662,"StationOrder":49,"StationDirection":1,"RouteId":9,"StationName":"Trạm y tế xã Hưng Long","pathPoints":"106.61329651,10.65563107 106.61690521,10.65382290","Address":"D2/46 (D3/46), đường Hương Lộ 11, Huyện Bình Chánh","Lat":10.653823,"Lng":106.616902},{"StationId":663,"StationOrder":50,"StationDirection":1,"RouteId":9,"StationName":"Đường liên ấp 3-4-5","pathPoints":"106.61690521,10.65382290 106.61931610,10.65258408","Address":"C30/26 (C14/26), đường Hương Lộ 11, Huyện Bình Chánh","Lat":10.652584,"Lng":106.619316},{"StationId":664,"StationOrder":51,"StationDirection":1,"RouteId":9,"StationName":"Ủy ban xã Hưng Long","pathPoints":"106.61931610,10.65258408 106.62071991,10.65193081 106.62204742,10.65120316","Address":"THCS Hưng Long (C3/28) (Trường mầm non Quỳnh Anh), đường Hương Lộ 11, Huyện Bình Chánh","Lat":10.651203,"Lng":106.622046},{"StationId":665,"StationOrder":52,"StationDirection":1,"RouteId":9,"StationName":"Ấp 2","pathPoints":"106.62223053,10.65105534 106.62638855,10.64896774","Address":"C6/32 (C7/32), đường Hương Lộ 11, Huyện Bình Chánh","Lat":10.648968,"Lng":106.626386},{"StationId":4159,"StationOrder":53,"StationDirection":1,"RouteId":9,"StationName":"Hội Quán Thanh Niên","pathPoints":"106.62638855,10.64896774 106.62907410,10.64747047","Address":"Cột điện 180P (Hội Quán Thanh Niên), đường Hương Lộ 11, Huyện Bình Chánh","Lat":10.64747,"Lng":106.629074},{"StationId":667,"StationOrder":54,"StationDirection":1,"RouteId":9,"StationName":"Tân Liễu","pathPoints":"106.62907410,10.64747047 106.63266754,10.64561462","Address":"Cột điện 117P (B1/14B), đường Hương Lộ 11, Huyện Bình Chánh","Lat":10.645615,"Lng":106.632668},{"StationId":666,"StationOrder":55,"StationDirection":1,"RouteId":9,"StationName":"Hốc Hưu","pathPoints":"106.63266754,10.64561462 106.63565826,10.64402771","Address":"B13/14A, đường Hương Lộ 11, Huyện Bình Chánh","Lat":10.644028,"Lng":106.635656},{"StationId":669,"StationOrder":56,"StationDirection":1,"RouteId":9,"StationName":"Trạm Xăng Hòa Hiệp","pathPoints":"106.63565826,10.64402771 106.63970947,10.64181900","Address":"Cột điện 136AP (Đối diện B2/18), đường Hương Lộ 11, Huyện Bình Chánh","Lat":10.641819,"Lng":106.639711},{"StationId":668,"StationOrder":57,"StationDirection":1,"RouteId":9,"StationName":"Nguyễn Văn Thời","pathPoints":"106.63970947,10.64181900 106.64194489,10.64061737","Address":"Trụ điện 142B, đường Hương Lộ 11, Huyện Bình Chánh","Lat":10.640617,"Lng":106.641948},{"StationId":671,"StationOrder":58,"StationDirection":1,"RouteId":9,"StationName":"Nguyễn Văn Long","pathPoints":"106.64194489,10.64061737 106.64427185,10.63939857","Address":"Đối diện Trường Quy Đức, đường Hương Lộ 11, Huyện Bình Chánh","Lat":10.639399,"Lng":106.644271},{"StationId":3043,"StationOrder":59,"StationDirection":1,"RouteId":9,"StationName":"Hưng Long","pathPoints":"106.64427185,10.63939857 106.64730835,10.63766861","Address":"ĐẦU BẾN HƯNG LONG, đường Quốc lộ 50, Huyện Bình Chánh","Lat":10.637669,"Lng":106.647307}]