[{"StationId":2172,"StationOrder":0,"StationDirection":0,"RouteId":84,"StationName":"KCN LÊ MINH XUÂN","pathPoints":"","Address":"ĐẦU BẾN KCN LÊ MINH XUÂN, đường Trần Đại Nghĩa, Huyện Bình Chánh","Lat":10.744065,"Lng":106.539509},{"StationId":3343,"StationOrder":1,"StationDirection":0,"RouteId":84,"StationName":"Gia Hưng","pathPoints":"106.53951263,10.74420834 106.54367065,10.74223709","Address":"Cột điện T238T (Gia Hưng), đường Trần Đại Nghĩa, Huyện Bình Chánh","Lat":10.741984,"Lng":106.543458},{"StationId":3347,"StationOrder":2,"StationDirection":0,"RouteId":84,"StationName":"Đường sô 10","pathPoints":"106.54367065,10.74223709 106.54720306,10.74046612","Address":"Cột điện T227T (Trụ điện T TĐN 154), đường Trần Đại Nghĩa, Huyện Bình Chánh","Lat":10.740271,"Lng":106.547062},{"StationId":3345,"StationOrder":3,"StationDirection":0,"RouteId":84,"StationName":"Chợ Đảo","pathPoints":"106.54720306,10.74046612 106.55011749,10.73900032 106.55019379,10.73887444","Address":"Cột điện H70T (Cột điện 154), đường Trần Đại Nghĩa, Huyện Bình Chánh","Lat":10.738821,"Lng":106.550115},{"StationId":3346,"StationOrder":4,"StationDirection":0,"RouteId":84,"StationName":"Phòng khám Đa khoa Lê Minh Xuân","pathPoints":"106.55019379,10.73887444 106.55223083,10.73792553 106.55420685,10.73682880","Address":"Cột điện T207T (Đối diện G16/12), đường Trần Đại Nghĩa, Huyện Bình Chánh","Lat":10.736776,"Lng":106.554052},{"StationId":3349,"StationOrder":5,"StationDirection":0,"RouteId":84,"StationName":"Kênh C","pathPoints":"106.55420685,10.73682880 106.55519104,10.73637581 106.55712891,10.73508930 106.55806732,10.73466301","Address":"Cột điện H59T (B22/474), đường Trần Đại Nghĩa, Huyện Bình Chánh","Lat":10.735121,"Lng":106.556654},{"StationId":3351,"StationOrder":6,"StationDirection":0,"RouteId":84,"StationName":"Việt Cường Phát","pathPoints":"106.55806732,10.73466301 106.55918121,10.73434162 106.56138611,10.73383045","Address":"B19/399, đường Trần Đại Nghĩa, Huyện Bình Chánh","Lat":10.73383,"Lng":106.561385},{"StationId":3353,"StationOrder":7,"StationDirection":0,"RouteId":84,"StationName":"Minh Anh ","pathPoints":"106.56138611,10.73383045 106.56520844,10.73303413","Address":"B19/403C, đường Trần Đại Nghĩa, Huyện Bình Chánh","Lat":10.733034,"Lng":106.565205},{"StationId":3348,"StationOrder":8,"StationDirection":0,"RouteId":84,"StationName":"Cơ sở Khoan Giếng ","pathPoints":"106.56520844,10.73303413 106.56842041,10.73232269","Address":"Cột điện T116, đường Trần Đại Nghĩa, Huyện Bình Chánh","Lat":10.732323,"Lng":106.568418},{"StationId":3350,"StationOrder":9,"StationDirection":0,"RouteId":84,"StationName":"Công ty Robot 2","pathPoints":"106.56842041,10.73232269 106.57214355,10.73150063","Address":"Đối diện A7/17V, đường Trần Đại Nghĩa, Huyện Bình Chánh","Lat":10.731501,"Lng":106.572146},{"StationId":3352,"StationOrder":10,"StationDirection":0,"RouteId":84,"StationName":"Đường dẫn Cao tốc","pathPoints":"106.57214355,10.73150063 106.57555389,10.73071957","Address":"661, đường Trần Đại Nghĩa, Huyện Bình Chánh","Lat":10.73072,"Lng":106.575553},{"StationId":3355,"StationOrder":11,"StationDirection":0,"RouteId":84,"StationName":"Nguyễn Cửu Phú","pathPoints":"106.57555389,10.73071957 106.57959747,10.72984600","Address":"A3/20A, đường Trần Đại Nghĩa, Huyện Bình Chánh","Lat":10.729846,"Lng":106.579598},{"StationId":3354,"StationOrder":12,"StationDirection":0,"RouteId":84,"StationName":"Cầu Cái Trung","pathPoints":"106.57959747,10.72984600 106.58135223,10.72946072 106.58356476,10.72883892","Address":"B11/33C, đường Trần Đại Nghĩa, Huyện Bình Chánh","Lat":10.728839,"Lng":106.583562},{"StationId":3356,"StationOrder":13,"StationDirection":0,"RouteId":84,"StationName":"Đường số 5B","pathPoints":"106.58356476,10.72883892 106.58544159,10.72836494 106.58543396,10.72830105","Address":"B11/3B, đường Trần Đại Nghĩa, Huyện Bình Chánh","Lat":10.728301,"Lng":106.585434},{"StationId":3357,"StationOrder":14,"StationDirection":0,"RouteId":84,"StationName":"Đường số 4","pathPoints":"106.58543396,10.72830105 106.58549500,10.72837543 106.58735657,10.72782707","Address":"B11/34A, đường Trần Đại Nghĩa, Huyện Bình Chánh","Lat":10.727827,"Lng":106.58736},{"StationId":3358,"StationOrder":15,"StationDirection":0,"RouteId":84,"StationName":"Đường cây Bàng","pathPoints":"106.58734131,10.72778988 106.58815765,10.72751999 106.58943939,10.72716999 106.59004211,10.72698975 106.59062958,10.72679043 106.59088135,10.72667980 106.59153748,10.72644997 106.59155273,10.72644043","Address":"B6/7B, đường Trần Đại Nghĩa, Huyện Bình Chánh","Lat":10.72643,"Lng":106.591678},{"StationId":3361,"StationOrder":16,"StationDirection":0,"RouteId":84,"StationName":"Tứ Hưng","pathPoints":"106.59167480,10.72642994 106.59161377,10.72642040 106.59280396,10.72599792 106.59404755,10.72550774 106.59516907,10.72504044 106.59516144,10.72502995","Address":"B6/5A, đường Trần Đại Nghĩa, Huyện Bình Chánh","Lat":10.72503,"Lng":106.595161},{"StationId":3359,"StationOrder":17,"StationDirection":0,"RouteId":84,"StationName":"Quốc lộ 1","pathPoints":"106.59516144,10.72502995 106.59516907,10.72504044 106.59590149,10.72476006 106.59665680,10.72447014 106.59751129,10.72399521 106.59825134,10.72352028 106.59884644,10.72317982 106.59884644,10.72318268","Address":"B5/19K, đường Trần Đại Nghĩa, Huyện Bình Chánh","Lat":10.723183,"Lng":106.59885},{"StationId":708,"StationOrder":18,"StationDirection":0,"RouteId":84,"StationName":"Cầu An Lạc","pathPoints":"106.59884644,10.72317982 106.59966278,10.72274017 106.59996033,10.72255993 106.60018158,10.72247028 106.60044861,10.72239017 106.60066986,10.72233963 106.60079956,10.72233963 106.60083771,10.72235012 106.60093689,10.72239017 106.60095978,10.72239971 106.60102081,10.72253036 106.60140991,10.72319031 106.60154724,10.72346973 106.60162354,10.72354031 106.60222626,10.72439003","Address":"849-851, đường Kinh Dương Vương, Quận Bình Tân","Lat":10.724317,"Lng":106.602337},{"StationId":712,"StationOrder":19,"StationDirection":0,"RouteId":84,"StationName":"Hoa Hồng","pathPoints":"106.60234070,10.72431660 106.60232544,10.72445393 106.60285187,10.72509098 106.60346222,10.72562408 106.60510254,10.72660923 106.60519409,10.72658253","Address":"771, đường Kinh Dương Vương, Quận Bình Tân","Lat":10.726583,"Lng":106.605191},{"StationId":709,"StationOrder":20,"StationDirection":0,"RouteId":84,"StationName":"Hàng Dương","pathPoints":"106.60519409,10.72658253 106.60760498,10.72832012","Address":"703, đường Kinh Dương Vương, Quận Bình Tân","Lat":10.72832,"Lng":106.607605},{"StationId":714,"StationOrder":21,"StationDirection":0,"RouteId":84,"StationName":"Ủy ban","pathPoints":"106.60760498,10.72832012 106.61025238,10.72997665","Address":"631-637, đường Kinh Dương Vương, Quận Bình Tân","Lat":10.729977,"Lng":106.610255},{"StationId":710,"StationOrder":22,"StationDirection":0,"RouteId":84,"StationName":"Lâm Thành","pathPoints":"106.61025238,10.72997665 106.61019135,10.73007774 106.61070251,10.73070431 106.61285400,10.73427963 106.61298370,10.73427773","Address":"289(561), đường Kinh Dương Vương, Quận Bình Tân","Lat":10.734278,"Lng":106.61298},{"StationId":716,"StationOrder":23,"StationDirection":0,"RouteId":84,"StationName":"Tên Lửa","pathPoints":"106.61298370,10.73427773 106.61298370,10.73427773 106.61290741,10.73435211 106.61419678,10.73655033 106.61483765,10.73756027 106.61490631,10.73754120 106.61490631,10.73754120","Address":"251(511), đường Kinh Dương Vương, Quận Bình Tân","Lat":10.737541,"Lng":106.614906},{"StationId":713,"StationOrder":24,"StationDirection":0,"RouteId":84,"StationName":"Bệnh viện Triều An","pathPoints":"106.61490631,10.73754120 106.61490631,10.73754120 106.61486053,10.73762989 106.61560059,10.73867416 106.61679077,10.73969650 106.61686707,10.73966503 106.61686707,10.73966503","Address":"Bệnh viện Triều An, đường Kinh Dương Vương, Quận Bình Tân","Lat":10.739665,"Lng":106.61687},{"StationId":119,"StationOrder":25,"StationDirection":0,"RouteId":84,"StationName":"Bến xe Miền Tây","pathPoints":"106.61686707,10.73966503 106.61846924,10.74103546","Address":"Bến xe Miền Tây, đường Kinh Dương Vương, Quận Bình Tân","Lat":10.741035,"Lng":106.618468},{"StationId":4149,"StationOrder":26,"StationDirection":0,"RouteId":84,"StationName":"Chợ An Lạc ","pathPoints":"106.61846924,10.74103546 106.62136078,10.74339581","Address":"49-51 (317) - KIA , đường Kinh Dương Vương, Quận Bình Tân","Lat":10.743396,"Lng":106.62136},{"StationId":140,"StationOrder":27,"StationDirection":0,"RouteId":84,"StationName":"Kinh Dương Vương","pathPoints":"106.62136078,10.74339581 106.62221527,10.74418163 106.62316132,10.74491882","Address":"7, đường Kinh Dương Vương, Quận Bình Tân","Lat":10.744919,"Lng":106.623162},{"StationId":761,"StationOrder":28,"StationDirection":0,"RouteId":84,"StationName":"Chợ An Dương Vương","pathPoints":"106.62316132,10.74491882 106.62329865,10.74508762 106.62360382,10.74521446 106.62374878,10.74535656 106.62367249,10.74315929 106.62360382,10.74298477","Address":"421, đường An Dương Vương, Quận 6","Lat":10.742985,"Lng":106.623602},{"StationId":1589,"StationOrder":29,"StationDirection":0,"RouteId":84,"StationName":"Lý Chiêu Hoàng","pathPoints":"106.62360382,10.74298477 106.62355042,10.74006462","Address":"426, đường An Dương Vương, Quận 6","Lat":10.740065,"Lng":106.623548},{"StationId":4772,"StationOrder":30,"StationDirection":0,"RouteId":84,"StationName":"Vành Đai","pathPoints":"106.62361908,10.74008656 106.62360382,10.73892117 106.62382507,10.73701382 106.62362671,10.73633862 106.62506104,10.73600674 106.62499237,10.73557472 106.62470245,10.73406219 106.62454987,10.73335075 106.62438965,10.73272896","Address":"Đối diện 122, đường Vành Đai, Quận 6","Lat":10.732729,"Lng":106.62439},{"StationId":1583,"StationOrder":31,"StationDirection":0,"RouteId":84,"StationName":"Đường 72","pathPoints":"106.62438965,10.73272896 106.62446594,10.73238564 106.62461853,10.73216438 106.62654114,10.73185349 106.62666321,10.73322868","Address":"52-54, đường Trần Văn Kiểu, Quận 6","Lat":10.733229,"Lng":106.62666},{"StationId":4571,"StationOrder":32,"StationDirection":0,"RouteId":84,"StationName":"Tòa án Nhân dân Quận 6","pathPoints":"106.62664032,10.73322392 106.62667084,10.73378277 106.62695313,10.73560143 106.62714386,10.73677635","Address":"106, đường Trần Văn Kiểu, Quận 6","Lat":10.736782,"Lng":106.627169},{"StationId":4549,"StationOrder":33,"StationDirection":0,"RouteId":84,"StationName":"Thảo Đường Thiền Tự","pathPoints":"106.62716675,10.73678207 106.62724304,10.73773575 106.62737274,10.73842621 106.62760162,10.73947525 106.62783813,10.74034977","Address":"184, đường Trần Văn Kiểu, Quận 6","Lat":10.74035,"Lng":106.62784},{"StationId":811,"StationOrder":34,"StationDirection":0,"RouteId":84,"StationName":"Metro Bình Phú","pathPoints":"106.62783813,10.74034977 106.62780762,10.74034977 106.62816620,10.74201012 106.62954712,10.74180984 106.63085938,10.74157810","Address":"33, đường Đường Số 26, Quận 6","Lat":10.741578,"Lng":106.63086},{"StationId":4608,"StationOrder":35,"StationDirection":0,"RouteId":84,"StationName":"Trường Cao đẳng Kinh tế-Kỹ thuật TP.HCM","pathPoints":"106.63085938,10.74157810 106.63085938,10.74157810 106.63204193,10.74144554 106.63363647,10.74099827 106.63372803,10.74136162 106.63465118,10.74274254 106.63478851,10.74382782 106.63484955,10.74384403 106.63484955,10.74387074 106.63484955,10.74384403","Address":"220C-222, đường Nguyễn Văn Luông, Quận 6","Lat":10.743844,"Lng":106.634851},{"StationId":4217,"StationOrder":36,"StationDirection":0,"RouteId":84,"StationName":"Bệnh viện Quận 6","pathPoints":"106.63484955,10.74384403 106.63479614,10.74383831 106.63497162,10.74547291 106.63515472,10.74709606","Address":"256B-256C, đường Nguyễn Văn Luông, Quận 6","Lat":10.747096,"Lng":106.635157},{"StationId":142,"StationOrder":37,"StationDirection":0,"RouteId":84,"StationName":"Nguyễn Văn Luông","pathPoints":"106.63515472,10.74709606 106.63515472,10.74709606 106.63516998,10.74760723 106.63526917,10.74806023 106.63619232,10.74825954 106.63619232,10.74825954","Address":"517-519, đường Hậu Giang, Quận 6","Lat":10.74826,"Lng":106.636192},{"StationId":144,"StationOrder":38,"StationDirection":0,"RouteId":84,"StationName":"Chợ Hoa","pathPoints":"106.63619232,10.74825954 106.63728333,10.74859238 106.63820648,10.74875641","Address":"411, đường Hậu Giang, Quận 6","Lat":10.748756,"Lng":106.638204},{"StationId":729,"StationOrder":39,"StationDirection":0,"RouteId":84,"StationName":"CoopMart","pathPoints":"106.63842773,10.74888039 106.63997650,10.74927044 106.64154053,10.74965000 106.64199066,10.74973011 106.64234161,10.74977970 106.64282990,10.74977016","Address":"259 (Đối diện 186), đường Hậu Giang, Quận 6","Lat":10.74971,"Lng":106.64283},{"StationId":2390,"StationOrder":40,"StationDirection":0,"RouteId":84,"StationName":"Ngân hàng Thương Tín","pathPoints":"106.64282990,10.74971008 106.64282990,10.74977016 106.64386749,10.74967861 106.64488983,10.74967003 106.64626312,10.74960995 106.64746857,10.74956036 106.64771271,10.74956226 106.64808655,10.74960995 106.64810181,10.74955177","Address":"131B, đường Hậu Giang, Quận 6","Lat":10.749552,"Lng":106.648101},{"StationId":278,"StationOrder":41,"StationDirection":0,"RouteId":84,"StationName":"Bến xe buýt Chợ Lớn - B","pathPoints":"106.64810181,10.74955177 106.64808655,10.74960995 106.64871979,10.74962997 106.64965820,10.74973011 106.65168762,10.75012016 106.65220642,10.75024986 106.65193939,10.75100040 106.65179443,10.75135994 106.65106964,10.75118542","Address":"BẾN XE BUÝT CHỢ LỚN B, đường Lê Quang Sung, Quận 6","Lat":10.751185,"Lng":106.65107},{"StationId":278,"StationOrder":0,"StationDirection":1,"RouteId":84,"StationName":"Bến xe buýt Chợ Lớn - B","pathPoints":"","Address":"BẾN XE BUÝT CHỢ LỚN B, đường Lê Quang Sung, Quận 6","Lat":10.751185,"Lng":106.65107},{"StationId":1778,"StationOrder":1,"StationDirection":1,"RouteId":84,"StationName":"Ngân hàng Thương Tín","pathPoints":"106.65106964,10.75118542 106.65081787,10.75103760 106.64994812,10.75110626 106.64948273,10.75082207 106.64936066,10.74975204 106.64823914,10.74969864","Address":"30A, đường Hậu Giang, Quận 6","Lat":10.749699,"Lng":106.648241},{"StationId":728,"StationOrder":2,"StationDirection":1,"RouteId":84,"StationName":"CoopMart ","pathPoints":"106.64823914,10.74969864 106.64751434,10.74965763 106.64358521,10.74981022","Address":"148, đường Hậu Giang, Quận 6","Lat":10.749815,"Lng":106.643198},{"StationId":111,"StationOrder":3,"StationDirection":1,"RouteId":84,"StationName":"Cầu Hậu Giang","pathPoints":"106.64358521,10.74981022 106.64219666,10.74986839 106.64150238,10.74973583","Address":"212A, đường Hậu Giang, Quận 6","Lat":10.749736,"Lng":106.641503},{"StationId":110,"StationOrder":4,"StationDirection":1,"RouteId":84,"StationName":"Chợ Hoa","pathPoints":"106.64150238,10.74973583 106.63743591,10.74871445","Address":"460-462, đường Hậu Giang, Quận 6","Lat":10.748714,"Lng":106.637437},{"StationId":4351,"StationOrder":5,"StationDirection":1,"RouteId":84,"StationName":"Bệnh viện Quận 6","pathPoints":"106.63743591,10.74871445 106.63516235,10.74813938 106.63502502,10.74715424","Address":"245A, đường Nguyễn Văn Luông, Quận 6","Lat":10.747154,"Lng":106.635028},{"StationId":4609,"StationOrder":6,"StationDirection":1,"RouteId":84,"StationName":"Trường Cao đẳng Kinh tế-Kỹ thuật TP.HCM","pathPoints":"106.63502502,10.74715424 106.63475800,10.74428082","Address":"Đối diện 220, đường Nguyễn Văn Luông, Quận 6","Lat":10.744281,"Lng":106.634653},{"StationId":759,"StationOrder":7,"StationDirection":1,"RouteId":84,"StationName":"Metro Bình Phú","pathPoints":"106.63475800,10.74428082 106.63470459,10.74298477 106.63404083,10.74186802 106.63379669,10.74157238 106.63356018,10.74109840 106.63098907,10.74164677","Address":"Metro Bình Phú, đường Đường Số 26, Quận 6","Lat":10.741673,"Lng":106.630994},{"StationId":7575,"StationOrder":8,"StationDirection":1,"RouteId":84,"StationName":"Thảo Đường Thiền Tự","pathPoints":"106.63099670,10.74167347 106.62814331,10.74206257 106.62767029,10.74012756","Address":"165, đường Trần Văn Kiểu, Quận 6","Lat":10.740128,"Lng":106.627668},{"StationId":7574,"StationOrder":9,"StationDirection":1,"RouteId":84,"StationName":"Tòa án Nhân dân Quận 6","pathPoints":"106.62767029,10.74012756 106.62734985,10.73852062 106.62721252,10.73779392 106.62705231,10.73673439","Address":"105, đường Trần Văn Kiểu, Quận 6","Lat":10.736745,"Lng":106.627035},{"StationId":7573,"StationOrder":10,"StationDirection":1,"RouteId":84,"StationName":"Đường 72","pathPoints":"106.62703705,10.73674488 106.62696838,10.73604870 106.62687683,10.73560619 106.62657166,10.73343468","Address":"41-43, đường Trần Văn Kiểu, Quận 6","Lat":10.733435,"Lng":106.626568},{"StationId":4771,"StationOrder":11,"StationDirection":1,"RouteId":84,"StationName":"Vành Đai","pathPoints":"106.62657166,10.73343468 106.62651825,10.73193264 106.62525940,10.73214912","Address":"72-74, đường Vành Đai, Quận 6","Lat":10.732149,"Lng":106.62526},{"StationId":806,"StationOrder":12,"StationDirection":1,"RouteId":84,"StationName":"Lý Chiêu Hoàng","pathPoints":"106.62525940,10.73214912 106.62464905,10.73222828 106.62450409,10.73247528 106.62448883,10.73288631 106.62465668,10.73347664 106.62512207,10.73604393 106.62369537,10.73634911 106.62387848,10.73701382 106.62364960,10.73893738 106.62370300,10.74023914 106.62371826,10.74023914","Address":"369/F31, đường An Dương Vương, Quận 6","Lat":10.740239,"Lng":106.623715},{"StationId":1591,"StationOrder":13,"StationDirection":1,"RouteId":84,"StationName":"Chợ An Dương Vương","pathPoints":"106.62371826,10.74023914 106.62370300,10.74023914 106.62364197,10.74024391 106.62369537,10.74387074 106.62378693,10.74387646","Address":"648-650, đường An Dương Vương, Quận 6","Lat":10.743876,"Lng":106.623784},{"StationId":117,"StationOrder":14,"StationDirection":1,"RouteId":84,"StationName":"Vòng xoay Kinh Dương Vương","pathPoints":"106.62378693,10.74387646 106.62378693,10.74387646 106.62371826,10.74385452 106.62377167,10.74532509 106.62397766,10.74543571 106.62392426,10.74567318 106.62373352,10.74570942 106.62352753,10.74556732 106.62252045,10.74469280 106.62247467,10.74474621 106.62247467,10.74474621","Address":"212-214, đường Kinh Dương Vương, Quận Bình Tân","Lat":10.744746,"Lng":106.622475},{"StationId":116,"StationOrder":15,"StationDirection":1,"RouteId":84,"StationName":"Bến xe Miền Tây","pathPoints":"106.62247467,10.74474621 106.62247467,10.74474621 106.62247467,10.74474621 106.62250519,10.74470329 106.61915588,10.74193573 106.61909485,10.74197292 106.61909485,10.74197292","Address":"358-360, đường Kinh Dương Vương, Quận Bình Tân","Lat":10.741973,"Lng":106.619096},{"StationId":4150,"StationOrder":16,"StationDirection":1,"RouteId":84,"StationName":"428, Kinh Dương Vương","pathPoints":"106.61909485,10.74197292 106.61909485,10.74197292 106.61912537,10.74193096 106.61843109,10.74131393 106.61837769,10.74138260 106.61837769,10.74138260","Address":"428, đường Kinh Dương Vương, Quận Bình Tân","Lat":10.741383,"Lng":106.618377},{"StationId":630,"StationOrder":17,"StationDirection":1,"RouteId":84,"StationName":"Bệnh viện Triều An","pathPoints":"106.61837769,10.74138260 106.61790466,10.74094009 106.61639404,10.73967457","Address":"480 (EXIMBANK), đường Kinh Dương Vương, Quận Bình Tân","Lat":10.739675,"Lng":106.616392},{"StationId":631,"StationOrder":18,"StationDirection":1,"RouteId":84,"StationName":"Hàng Dương","pathPoints":"106.61639404,10.73967457 106.61640167,10.73959637 106.61547852,10.73880959 106.61511993,10.73832989 106.61479187,10.73777962 106.61317444,10.73514271 106.61314392,10.73513794","Address":"548, đường Kinh Dương Vương, Quận Bình Tân","Lat":10.735138,"Lng":106.613144},{"StationId":632,"StationOrder":19,"StationDirection":1,"RouteId":84,"StationName":"SinCo","pathPoints":"106.61314392,10.73513794 106.61315918,10.73514271 106.61106873,10.73163223 106.61103058,10.73167419","Address":"Đối diện nhà trọ Thanh Trường, đường Kinh Dương Vương, Quận Bình Tân","Lat":10.731674,"Lng":106.611028},{"StationId":633,"StationOrder":20,"StationDirection":1,"RouteId":84,"StationName":"Hoa hồng","pathPoints":"106.61103058,10.73167419 106.61109161,10.73163223 106.61048889,10.73064137 106.61007690,10.73016739 106.60967255,10.72988224 106.60829926,10.72897053 106.60827637,10.72900963 106.60827637,10.72901440 106.60827637,10.72901440","Address":"620, đường Kinh Dương Vương, Quận Bình Tân","Lat":10.729014,"Lng":106.608276},{"StationId":634,"StationOrder":21,"StationDirection":1,"RouteId":84,"StationName":"An Lạc","pathPoints":"106.60826111,10.72900772 106.60828400,10.72894955 106.60579681,10.72729492 106.60575104,10.72733021","Address":"676, đường Kinh Dương Vương, Quận Bình Tân","Lat":10.72733,"Lng":106.605751},{"StationId":635,"StationOrder":22,"StationDirection":1,"RouteId":84,"StationName":"Thời trang","pathPoints":"106.60575104,10.72733021 106.60577393,10.72726822 106.60443878,10.72638798 106.60334015,10.72568130 106.60308075,10.72544956 106.60302734,10.72546577","Address":"724, đường Kinh Dương Vương, Quận Bình Tân","Lat":10.725466,"Lng":106.603027},{"StationId":3321,"StationOrder":23,"StationDirection":1,"RouteId":84,"StationName":"Trần Đại Nghĩa","pathPoints":"106.60302734,10.72546577 106.60304260,10.72546005 106.60269928,10.72515011 106.60244751,10.72488022 106.60222626,10.72457981 106.60188293,10.72414017 106.60175323,10.72406960 106.60157013,10.72401047 106.60154724,10.72402000 106.60150909,10.72404003 106.60141754,10.72406960 106.60127258,10.72406006 106.60112000,10.72397041 106.60105133,10.72383022 106.60104370,10.72367001 106.60105896,10.72362995 106.60099792,10.72331047 106.60089111,10.72278023 106.60076141,10.72233009 106.60054016,10.72235966 106.60038757,10.72239971 106.59996033,10.72255993 106.59996033,10.72260380","Address":"16, đường Trần Đại Nghĩa, Quận Bình Tân","Lat":10.722604,"Lng":106.599961},{"StationId":7279,"StationOrder":24,"StationDirection":1,"RouteId":84,"StationName":"Bãi xe An Khang","pathPoints":"106.59996033,10.72260380 106.59996033,10.72260380 106.59909821,10.72303581 106.59807587,10.72366810 106.59812927,10.72374725 106.59812927,10.72374725","Address":"74, đường Trần Đại Nghĩa, Quận Bình Tân","Lat":10.723747,"Lng":106.598132},{"StationId":3324,"StationOrder":25,"StationDirection":1,"RouteId":84,"StationName":"Đường số 1","pathPoints":"106.59812927,10.72374725 106.59812927,10.72374725 106.59808350,10.72365284 106.59703064,10.72429562 106.59710693,10.72439575 106.59710693,10.72439575","Address":"74, đường Trần Đại Nghĩa, Quận Bình Tân","Lat":10.724396,"Lng":106.597107},{"StationId":3325,"StationOrder":26,"StationDirection":1,"RouteId":84,"StationName":"Tứ Hưng","pathPoints":"106.59706116,10.72428513 106.59525299,10.72512341 106.59424591,10.72550297","Address":"100A, đường Trần Đại Nghĩa, Quận Bình Tân","Lat":10.725603,"Lng":106.594301},{"StationId":3328,"StationOrder":27,"StationDirection":1,"RouteId":84,"StationName":"Đường Cây Bàng","pathPoints":"106.59426117,10.72548676 106.59266663,10.72605610 106.59107208,10.72667217","Address":"112, đường Trần Đại Nghĩa, Quận Bình Tân","Lat":10.726825,"Lng":106.591158},{"StationId":3326,"StationOrder":28,"StationDirection":1,"RouteId":84,"StationName":"Đường số 4","pathPoints":"106.59110260,10.72666740 106.58992767,10.72705746 106.58809662,10.72760010 106.58641815,10.72814274","Address":"202, đường Trần Đại Nghĩa, Quận Bình Tân","Lat":10.728206,"Lng":106.586437},{"StationId":3327,"StationOrder":29,"StationDirection":1,"RouteId":84,"StationName":"Đường số 5B","pathPoints":"106.58641052,10.72814846 106.58325958,10.72906590","Address":"258, đường Trần Đại Nghĩa, Quận Bình Tân","Lat":10.729081,"Lng":106.583261},{"StationId":3329,"StationOrder":30,"StationDirection":1,"RouteId":84,"StationName":"Nguyễn Cửu Phú","pathPoints":"106.58325958,10.72908115 106.58325958,10.72904968 106.58174896,10.72951031 106.58110046,10.72966003 106.58000183,10.72989273","Address":"A2/19D (Cột điện 70T), đường Trần Đại Nghĩa, Huyện Bình Chánh","Lat":10.729893,"Lng":106.58},{"StationId":3330,"StationOrder":31,"StationDirection":1,"RouteId":84,"StationName":"Công ty Phạm Nguyên","pathPoints":"106.57999420,10.72986126 106.57756805,10.73031998 106.57521820,10.73088932","Address":"Cột điện T104P (Đối diện 611), đường Trần Đại Nghĩa, Huyện Bình Chánh","Lat":10.730926,"Lng":106.575258},{"StationId":3331,"StationOrder":32,"StationDirection":1,"RouteId":84,"StationName":"Công ty Robot 2","pathPoints":"106.57524872,10.73089409 106.57187653,10.73166370","Address":"Cột điện T119 (Đối diện A7/17M), đường Trần Đại Nghĩa, Huyện Bình Chánh","Lat":10.731706,"Lng":106.57191},{"StationId":3332,"StationOrder":33,"StationDirection":1,"RouteId":84,"StationName":"Cơ sở Khoan Giếng ","pathPoints":"106.57190704,10.73166370 106.56849670,10.73241806","Address":"Cột điện T125P (A7/17M), đường Trần Đại Nghĩa, Huyện Bình Chánh","Lat":10.732465,"Lng":106.56852},{"StationId":3333,"StationOrder":34,"StationDirection":1,"RouteId":84,"StationName":"Thiên Thành ","pathPoints":"106.56851196,10.73240662 106.56508636,10.73315048","Address":"B19/405K, đường Trần Đại Nghĩa, Huyện Bình Chánh","Lat":10.733203,"Lng":106.565108},{"StationId":3334,"StationOrder":35,"StationDirection":1,"RouteId":84,"StationName":"Việt Cường Phát","pathPoints":"106.56509399,10.73317146 106.56153870,10.73390961","Address":"Cột điện T148P, đường Trần Đại Nghĩa, Huyện Bình Chánh","Lat":10.733936,"Lng":106.561552},{"StationId":3335,"StationOrder":36,"StationDirection":1,"RouteId":84,"StationName":"Kênh C","pathPoints":"106.56155396,10.73393631 106.55946350,10.73438358 106.55791473,10.73473167","Address":"G16/82, đường Trần Đại Nghĩa, Huyện Bình Chánh","Lat":10.735195,"Lng":106.556922},{"StationId":3336,"StationOrder":37,"StationDirection":1,"RouteId":84,"StationName":"Phòng khám Đa khoa Lê Minh Xuân","pathPoints":"106.55790710,10.73470497 106.55728149,10.73493671 106.55535889,10.73622799 106.55439758,10.73678684","Address":"Cột điện T176P, đường Trần Đại Nghĩa, Huyện Bình Chánh","Lat":10.736903,"Lng":106.554508},{"StationId":3337,"StationOrder":38,"StationDirection":1,"RouteId":84,"StationName":"Chợ Đảo","pathPoints":"106.55442047,10.73673439 106.55015564,10.73894215","Address":"G16/37, đường Trần Đại Nghĩa, Huyện Bình Chánh","Lat":10.73909,"Lng":106.550243},{"StationId":3341,"StationOrder":39,"StationDirection":1,"RouteId":84,"StationName":"Đường số 10","pathPoints":"106.55017090,10.73893166 106.54713440,10.74042892","Address":"Đường số 10, đường Trần Đại Nghĩa, Huyện Bình Chánh","Lat":10.740576,"Lng":106.547245},{"StationId":3338,"StationOrder":40,"StationDirection":1,"RouteId":84,"StationName":"Gia Hưng","pathPoints":"106.54713440,10.74040794 106.54344940,10.74224186","Address":"Cột điện H43P, đường Trần Đại Nghĩa, Huyện Bình Chánh","Lat":10.742416,"Lng":106.543559},{"StationId":2172,"StationOrder":41,"StationDirection":1,"RouteId":84,"StationName":"KCN LÊ MINH XUÂN","pathPoints":"106.54342651,10.74224663 106.54138947,10.74324322 106.53958893,10.74421787 106.53951263,10.74406528","Address":"ĐẦU BẾN KCN LÊ MINH XUÂN, đường Trần Đại Nghĩa, Huyện Bình Chánh","Lat":10.744065,"Lng":106.539509}]