[{"StationId":7189,"StationOrder":0,"StationDirection":0,"RouteId":211,"StationName":"Cressent mall","pathPoints":"","Address":"Cressent mall, đường Lê Hoàng Thái, Quận 7","Lat":10.728913,"Lng":106.719781},{"StationId":7201,"StationOrder":1,"StationDirection":0,"RouteId":211,"StationName":"Đại Minh","pathPoints":"106.71977997,10.72891331 106.72200775,10.73015690","Address":"Đại Minh (cây xanh 54), đường Hoàng Văn Thái, Quận 7","Lat":10.730157,"Lng":106.722007},{"StationId":7205,"StationOrder":2,"StationDirection":0,"RouteId":211,"StationName":"Đường B","pathPoints":"106.72200775,10.73015690 106.72436523,10.73160076 106.72481537,10.73078442","Address":"Caprri, đường Đường B, Quận 7","Lat":10.730784,"Lng":106.724818},{"StationId":7202,"StationOrder":3,"StationDirection":0,"RouteId":211,"StationName":"Petro land","pathPoints":"106.72481537,10.73078442 106.72528839,10.73012447 106.72344208,10.72905540","Address":"Petro land, đường Tân Trào, Quận 7","Lat":10.729055,"Lng":106.723444},{"StationId":1261,"StationOrder":4,"StationDirection":0,"RouteId":211,"StationName":"Trường Nam Sài Gòn","pathPoints":"106.72344208,10.72905540 106.72193146,10.72816467 106.72379303,10.72511768","Address":"Trường Nam Sài Gòn, đường Nguyễn Lương Bằng, Quận 7","Lat":10.725118,"Lng":106.723793},{"StationId":1258,"StationOrder":5,"StationDirection":0,"RouteId":211,"StationName":"Mỹ Thái 2","pathPoints":"106.72386932,10.72519398 106.72592926,10.72181034 106.72645569,10.72088528","Address":"176 (Riverside Block E), đường Nguyễn Lương Bằng, Quận 7","Lat":10.720885,"Lng":106.726454},{"StationId":7196,"StationOrder":6,"StationDirection":0,"RouteId":211,"StationName":"Đường 19","pathPoints":"106.72647858,10.72089577 106.72769165,10.71897221 106.72695160,10.71854496","Address":"Đối diện Văn phòng Bất động sản, đường Đường 19, Quận 7","Lat":10.718545,"Lng":106.726953},{"StationId":7197,"StationOrder":7,"StationDirection":0,"RouteId":211,"StationName":"Đường G","pathPoints":"106.72695160,10.71854496 106.72657013,10.71828651 106.72769165,10.71645832","Address":"Đối diện 22, đường Đường G, Quận 7","Lat":10.716431,"Lng":106.72765},{"StationId":7198,"StationOrder":8,"StationDirection":0,"RouteId":211,"StationName":"Trường Quốc tế Canada","pathPoints":"106.72770691,10.71647358 106.72904205,10.71430206 106.72972107,10.71469688","Address":"Trường Quốc tế Canada, đường Đường 23, Quận 7","Lat":10.714697,"Lng":106.729721},{"StationId":1372,"StationOrder":9,"StationDirection":0,"RouteId":211,"StationName":"Mỹ Khang","pathPoints":"106.72972107,10.71469688 106.73039246,10.71512413 106.73009491,10.71559906","Address":"SD4-1, Lô S19-2, đường Nguyễn Lương Bằng, Quận 7","Lat":10.715599,"Lng":106.730096},{"StationId":1369,"StationOrder":10,"StationDirection":0,"RouteId":211,"StationName":"Nam Viên","pathPoints":"106.73009491,10.71559906 106.73011017,10.71557808 106.72850800,10.71825504 106.72847748,10.71825027","Address":"Trường tiểu học Việt Pháp, đường Nguyễn Lương Bằng, Quận 7","Lat":10.71825,"Lng":106.728476},{"StationId":1240,"StationOrder":11,"StationDirection":0,"RouteId":211,"StationName":"Mỹ Thái 2","pathPoints":"106.72847748,10.71825027 106.72847748,10.71826553 106.72635651,10.72158146 106.72673798,10.72102165","Address":"Đ/d Chung cư Riverside, đường Nguyễn Lương Bằng, Quận 7","Lat":10.721022,"Lng":106.726738},{"StationId":1241,"StationOrder":12,"StationDirection":0,"RouteId":211,"StationName":"Trường Nam Sài Gòn","pathPoints":"106.72635651,10.72158146 106.72419739,10.72506237","Address":"Đối diện trường Nam Sài Gòn, đường Nguyễn Lương Bằng, Quận 7","Lat":10.725255,"Lng":106.724174},{"StationId":7194,"StationOrder":13,"StationDirection":0,"RouteId":211,"StationName":"Nhà mẫu Phú Mỹ Hưng","pathPoints":"106.72417450,10.72525501 106.72387695,10.72573948 106.72525024,10.72657776 106.72595978,10.72699928 106.72663879,10.72735786","Address":"Nhà mẫu Phú Mỹ Hưng (CX181-183), đường Trần Văn Trà, Quận 7","Lat":10.727358,"Lng":106.726636},{"StationId":7192,"StationOrder":14,"StationDirection":0,"RouteId":211,"StationName":"Ban Quản lý Khu Nam","pathPoints":"106.72663879,10.72735786 106.72747040,10.72786903 106.72768402,10.72817516 106.72766113,10.72863293 106.72708130,10.72962379","Address":"Ban Quản lý Khu Nam, đường Tân Phú, Quận 7","Lat":10.729624,"Lng":106.727082},{"StationId":7190,"StationOrder":15,"StationDirection":0,"RouteId":211,"StationName":"Ủy ban Tân Phú","pathPoints":"106.72708130,10.72962379 106.72550201,10.73225403 106.72567749,10.73235989","Address":"Ủy ban Tân Phú, đường Hoàng Văn Thái, Quận 7","Lat":10.73236,"Lng":106.725676},{"StationId":7190,"StationOrder":0,"StationDirection":1,"RouteId":211,"StationName":"Ủy ban Tân Phú","pathPoints":"","Address":"Ủy ban Tân Phú, đường Hoàng Văn Thái, Quận 7","Lat":10.73236,"Lng":106.725676},{"StationId":7191,"StationOrder":1,"StationDirection":1,"RouteId":211,"StationName":"Ban Quản lý Khu Nam","pathPoints":"106.72565460,10.73235989 106.72539520,10.73218060 106.72687531,10.72971439","Address":"Đối diện Ban Quản lý Khu Nam, đường Tân Phú, Quận 7","Lat":10.729714,"Lng":106.726878},{"StationId":7193,"StationOrder":2,"StationDirection":1,"RouteId":211,"StationName":"Nhà mẫu Phú Mỹ Hưng","pathPoints":"106.72691345,10.72975063 106.72750854,10.72880745 106.72760773,10.72843266 106.72761536,10.72824287 106.72747040,10.72801113 106.72698212,10.72767448 106.72647858,10.72739983","Address":"Đối diện nhà mẫu Phú Mỹ Hưng (CX172), đường Trần Văn Trà, Quận 7","Lat":10.7274,"Lng":106.726475},{"StationId":1261,"StationOrder":3,"StationDirection":1,"RouteId":211,"StationName":"Trường Nam Sài Gòn","pathPoints":"106.72647858,10.72739983 106.72477722,10.72638798 106.72383118,10.72577667 106.72354126,10.72559166 106.72379303,10.72511768","Address":"Trường Nam Sài Gòn, đường Nguyễn Lương Bằng, Quận 7","Lat":10.725118,"Lng":106.723793},{"StationId":1258,"StationOrder":4,"StationDirection":1,"RouteId":211,"StationName":"Mỹ Thái 2","pathPoints":"106.72386932,10.72519398 106.72592926,10.72181034 106.72645569,10.72088528","Address":"176 (Riverside Block E), đường Nguyễn Lương Bằng, Quận 7","Lat":10.720885,"Lng":106.726454},{"StationId":7196,"StationOrder":5,"StationDirection":1,"RouteId":211,"StationName":"Đường 19","pathPoints":"106.72647858,10.72089577 106.72769165,10.71897221 106.72695160,10.71854496","Address":"Đối diện Văn phòng Bất động sản, đường Đường 19, Quận 7","Lat":10.718545,"Lng":106.726953},{"StationId":7197,"StationOrder":6,"StationDirection":1,"RouteId":211,"StationName":"Đường G","pathPoints":"106.72695160,10.71854496 106.72657013,10.71828651 106.72769165,10.71645832","Address":"Đối diện 22, đường Đường G, Quận 7","Lat":10.716431,"Lng":106.72765},{"StationId":7198,"StationOrder":7,"StationDirection":1,"RouteId":211,"StationName":"Trường Quốc tế Canada","pathPoints":"106.72770691,10.71647358 106.72904205,10.71430206 106.72972107,10.71469688","Address":"Trường Quốc tế Canada, đường Đường 23, Quận 7","Lat":10.714697,"Lng":106.729721},{"StationId":1372,"StationOrder":8,"StationDirection":1,"RouteId":211,"StationName":"Mỹ Khang","pathPoints":"106.72972107,10.71469688 106.73039246,10.71512413 106.73009491,10.71559906","Address":"SD4-1, Lô S19-2, đường Nguyễn Lương Bằng, Quận 7","Lat":10.715599,"Lng":106.730096},{"StationId":7199,"StationOrder":9,"StationDirection":1,"RouteId":211,"StationName":"Đường 20","pathPoints":"106.73009491,10.71559906 106.72863007,10.71793938 106.72978210,10.71866131","Address":"Đối diện trụ đèn 14, đường Đường 20, Quận 7","Lat":10.718651,"Lng":106.729812},{"StationId":7200,"StationOrder":10,"StationDirection":1,"RouteId":211,"StationName":"Phổ Niểu Nam","pathPoints":"106.72979736,10.71867180 106.73124695,10.71954155 106.72963715,10.72214985","Address":"Thì Là Quán (25), đường Phổ Niểu Nam, Quận 7","Lat":10.72215,"Lng":106.729635},{"StationId":7195,"StationOrder":11,"StationDirection":1,"RouteId":211,"StationName":"Đường số 17","pathPoints":"106.72962189,10.72214508 106.72919464,10.72281456 106.72727966,10.72166538","Address":"52, đường Đường 17, Quận 7","Lat":10.721665,"Lng":106.72728},{"StationId":1241,"StationOrder":12,"StationDirection":1,"RouteId":211,"StationName":"Trường Nam Sài Gòn","pathPoints":"106.72727966,10.72166538 106.72658539,10.72122765 106.72524261,10.72338867 106.72417450,10.72525501","Address":"Đối diện trường Nam Sài Gòn, đường Nguyễn Lương Bằng, Quận 7","Lat":10.725255,"Lng":106.724174},{"StationId":7203,"StationOrder":13,"StationDirection":1,"RouteId":211,"StationName":"Petro land","pathPoints":"106.72414398,10.72524452 106.72225189,10.72826481 106.72360229,10.72903919","Address":"Đối diện Petro land, đường Tân Trào, Quận 7","Lat":10.729018,"Lng":106.723621},{"StationId":7204,"StationOrder":14,"StationDirection":1,"RouteId":211,"StationName":"Đường B","pathPoints":"106.72361755,10.72901821 106.72539520,10.73009872 106.72500610,10.73071957","Address":"Đối diện Caprri, đường Đường B, Quận 7","Lat":10.73072,"Lng":106.725006},{"StationId":7189,"StationOrder":15,"StationDirection":1,"RouteId":211,"StationName":"Cressent mall","pathPoints":"106.72500610,10.73071957 106.72438812,10.73170567 106.71977997,10.72891331","Address":"Cressent mall, đường Lê Hoàng Thái, Quận 7","Lat":10.728913,"Lng":106.719781}]