[{"StationId":3933,"StationOrder":0,"StationDirection":0,"RouteId":124,"StationName":"Tân Túc","pathPoints":"","Address":"Điểm Đầu - Cuối Tân Túc, đường Nguyễn Hữu Trí, Huyện Bình Chánh","Lat":10.684146,"Lng":106.549755},{"StationId":3935,"StationOrder":1,"StationDirection":0,"RouteId":124,"StationName":"Công ty Đồng Tâm","pathPoints":"106.54975128,10.68414593 106.54983521,10.68424606 106.55080414,10.68453026 106.55162048,10.68468857","Address":"Cột điện 4A (Đối diện công ty Đồng Tâm), đường Nguyễn Hữu Trí, Huyện Bình Chánh","Lat":10.684689,"Lng":106.551622},{"StationId":3934,"StationOrder":2,"StationDirection":0,"RouteId":124,"StationName":"Tân Liên Hương","pathPoints":"106.55162048,10.68468857 106.55782318,10.68636990","Address":"Đối diện công ty Liên Hương, đường Nguyễn Hữu Trí, Huyện Bình Chánh","Lat":10.68637,"Lng":106.557823},{"StationId":3936,"StationOrder":3,"StationDirection":0,"RouteId":124,"StationName":"Phước Hưng","pathPoints":"106.55782318,10.68636990 106.56288147,10.68811989","Address":"Cột điện T113L (Đối diện điện lực Bình Chánh), đường Nguyễn Hữu Trí, Huyện Bình Chánh","Lat":10.68812,"Lng":106.562882},{"StationId":3948,"StationOrder":4,"StationDirection":0,"RouteId":124,"StationName":"Đường dẫn cao tốc","pathPoints":"106.56288147,10.68811989 106.56761932,10.68976498","Address":"Cột điện T92L (B4/9B), đường Nguyễn Hữu Trí, Huyện Bình Chánh","Lat":10.689765,"Lng":106.567619},{"StationId":3937,"StationOrder":5,"StationDirection":0,"RouteId":124,"StationName":"Ủy ban thị trấn Tân Túc","pathPoints":"106.56761932,10.68976498 106.57092285,10.69088745 106.57234192,10.69117832","Address":"B2/36(B2/2), đường Nguyễn Hữu Trí, Huyện Bình Chánh","Lat":10.691178,"Lng":106.57234},{"StationId":4599,"StationOrder":6,"StationDirection":0,"RouteId":124,"StationName":"Bùi Thanh Khiết","pathPoints":"106.57234192,10.69117832 106.57557678,10.69188881","Address":"A12/33A (A12/30), đường Nguyễn Hữu Trí, Huyện Bình Chánh","Lat":10.691889,"Lng":106.57558},{"StationId":4601,"StationOrder":7,"StationDirection":0,"RouteId":124,"StationName":"Chùa Phước An","pathPoints":"106.57557678,10.69188881 106.57939148,10.69265938","Address":"Cột điện T56aL - Trường Tân Túc , đường Nguyễn Hữu Trí, Huyện Bình Chánh","Lat":10.692659,"Lng":106.579394},{"StationId":3938,"StationOrder":8,"StationDirection":0,"RouteId":124,"StationName":"Cầu Chợ Đệm","pathPoints":"106.57939148,10.69265938 106.58099365,10.69300747","Address":"A14/23, đường Nguyễn Hữu Trí, Huyện Bình Chánh","Lat":10.693007,"Lng":106.580992},{"StationId":670,"StationOrder":9,"StationDirection":0,"RouteId":124,"StationName":"Tân Túc","pathPoints":"106.58099365,10.69300747 106.58099365,10.69300747 106.58419800,10.69399834 106.58458710,10.69174194 106.58708954,10.69217968 106.58736420,10.69055080 106.58608246,10.69033432 106.58596802,10.69058704 106.58582306,10.69076157 106.58567047,10.69088268 106.58549500,10.69094563 106.58535004,10.69098282 106.58516693,10.69100952 106.58477783,10.69095135 106.58426666,10.69400883 106.58457947,10.69408226 106.58457947,10.69408226","Address":"E4/1A, đường Nguyễn Hữu Trí , Huyện Bình Chánh","Lat":10.694082,"Lng":106.584576},{"StationId":2241,"StationOrder":10,"StationDirection":0,"RouteId":124,"StationName":"Thiên Giang","pathPoints":"106.58457947,10.69408226 106.58457947,10.69408226 106.58753967,10.69506264 106.58766174,10.69502068 106.58766174,10.69502068","Address":"E4/36, đường Nguyễn Hữu Trí, Huyện Bình Chánh","Lat":10.695021,"Lng":106.58766},{"StationId":2243,"StationOrder":11,"StationDirection":0,"RouteId":124,"StationName":"Trung tâm văn hóa huyện Bình Chánh","pathPoints":"106.58766174,10.69502068 106.58766174,10.69502068 106.58766174,10.69502068 106.58906555,10.69552135 106.58988953,10.69579506 106.59019470,10.69580078 106.59019470,10.69580078 106.59019470,10.69580078","Address":"Cột điện T15L (Trung tâm TDTT Bình Chánh), đường Nguyễn Hữu Trí, Huyện Bình Chánh","Lat":10.695801,"Lng":106.590192},{"StationId":2242,"StationOrder":12,"StationDirection":0,"RouteId":124,"StationName":"Bệnh viện huyện Bình Chánh","pathPoints":"106.59019470,10.69580078 106.59303284,10.69618034","Address":"Cột điện T9L (Đd BV huyện Bình Chánh Cũ), đường Nguyễn Hữu Trí, Huyện Bình Chánh","Lat":10.69618,"Lng":106.59303},{"StationId":2245,"StationOrder":13,"StationDirection":0,"RouteId":124,"StationName":"Chùa Tam Bửu","pathPoints":"106.59303284,10.69618034 106.59303284,10.69618034 106.59327698,10.69626999 106.59609985,10.69659138 106.59609985,10.69659138","Address":"Cột điện T4L (E9/21A), đường Nguyễn Hữu Trí, Huyện Bình Chánh","Lat":10.696591,"Lng":106.596099},{"StationId":704,"StationOrder":14,"StationDirection":0,"RouteId":124,"StationName":"Nguyễn Hữu Trí","pathPoints":"106.59609985,10.69659138 106.59687805,10.69673347 106.59706116,10.69716072","Address":"Cột điện T65T (45/2A), đường Quốc lộ 1A, Huyện Bình Chánh","Lat":10.697161,"Lng":106.597059},{"StationId":705,"StationOrder":15,"StationDirection":0,"RouteId":124,"StationName":"Dương Đình Cúc","pathPoints":"106.59706116,10.69716072 106.59758759,10.70018673 106.59745789,10.70400238 106.59826660,10.70658016","Address":"C14/17, đường Quốc lộ 1A, Huyện Bình Chánh","Lat":10.706422,"Lng":106.598276},{"StationId":706,"StationOrder":16,"StationDirection":0,"RouteId":124,"StationName":"Hưng Nhơn","pathPoints":"106.59827423,10.70642185 106.59934235,10.71201992","Address":"C12/3, đường Quốc lộ 1A, Huyện Bình Chánh","Lat":10.71202,"Lng":106.599339},{"StationId":711,"StationOrder":17,"StationDirection":0,"RouteId":124,"StationName":"Trần Đại Nghĩa","pathPoints":"106.59956360,10.71358967 106.59955597,10.71359062 106.60029602,10.71768570 106.60090637,10.72177696 106.60094452,10.72133255","Address":"591B (cầu bộ hành), đường Quốc lộ 1A, Huyện Bình Chánh","Lat":10.720838,"Lng":106.600878},{"StationId":708,"StationOrder":18,"StationDirection":0,"RouteId":124,"StationName":"Cầu An Lạc","pathPoints":"106.60094452,10.72133255 106.60090637,10.72177696 106.60108948,10.72250366 106.60224152,10.72438335 106.60234070,10.72431660","Address":"849-851, đường Kinh Dương Vương, Quận Bình Tân","Lat":10.724317,"Lng":106.602337},{"StationId":712,"StationOrder":19,"StationDirection":0,"RouteId":124,"StationName":"Hoa Hồng","pathPoints":"106.60234070,10.72431660 106.60282898,10.72496986 106.60362244,10.72565556 106.60519409,10.72658253","Address":"771, đường Kinh Dương Vương, Quận Bình Tân","Lat":10.726583,"Lng":106.605191},{"StationId":709,"StationOrder":20,"StationDirection":0,"RouteId":124,"StationName":"Hàng Dương","pathPoints":"106.60519409,10.72658253 106.60760498,10.72832012","Address":"703, đường Kinh Dương Vương, Quận Bình Tân","Lat":10.72832,"Lng":106.607605},{"StationId":714,"StationOrder":21,"StationDirection":0,"RouteId":124,"StationName":"Ủy ban","pathPoints":"106.60760498,10.72832012 106.61025238,10.72997665","Address":"631-637, đường Kinh Dương Vương, Quận Bình Tân","Lat":10.729977,"Lng":106.610255},{"StationId":710,"StationOrder":22,"StationDirection":0,"RouteId":124,"StationName":"Lâm Thành","pathPoints":"106.61025238,10.72997665 106.61050415,10.73048878 106.61253357,10.73375130 106.61298370,10.73427773","Address":"289(561), đường Kinh Dương Vương, Quận Bình Tân","Lat":10.734278,"Lng":106.61298},{"StationId":716,"StationOrder":23,"StationDirection":0,"RouteId":124,"StationName":"Tên Lửa","pathPoints":"106.61298370,10.73427773 106.61490631,10.73754120","Address":"251(511), đường Kinh Dương Vương, Quận Bình Tân","Lat":10.737541,"Lng":106.614906},{"StationId":713,"StationOrder":24,"StationDirection":0,"RouteId":124,"StationName":"Bệnh viện Triều An","pathPoints":"106.61490631,10.73754120 106.61566162,10.73862076 106.61686707,10.73966503","Address":"Bệnh viện Triều An, đường Kinh Dương Vương, Quận Bình Tân","Lat":10.739665,"Lng":106.61687},{"StationId":119,"StationOrder":25,"StationDirection":0,"RouteId":124,"StationName":"Bến xe Miền Tây","pathPoints":"106.61686707,10.73966503 106.61846924,10.74103546","Address":"Bến xe Miền Tây, đường Kinh Dương Vương, Quận Bình Tân","Lat":10.741035,"Lng":106.618468},{"StationId":4149,"StationOrder":26,"StationDirection":0,"RouteId":124,"StationName":"Chợ An Lạc ","pathPoints":"106.61846924,10.74103546 106.62136078,10.74339581","Address":"49-51 (317) - KIA , đường Kinh Dương Vương, Quận Bình Tân","Lat":10.743396,"Lng":106.62136},{"StationId":140,"StationOrder":27,"StationDirection":0,"RouteId":124,"StationName":"Kinh Dương Vương","pathPoints":"106.62136078,10.74339581 106.62221527,10.74418163 106.62316132,10.74491882","Address":"7, đường Kinh Dương Vương, Quận Bình Tân","Lat":10.744919,"Lng":106.623162},{"StationId":718,"StationOrder":28,"StationDirection":0,"RouteId":124,"StationName":"Công viên Phú Lâm","pathPoints":"106.62316132,10.74491882 106.62348175,10.74512482 106.62400055,10.74538803 106.62405396,10.74552536 106.62405396,10.74567318 106.62413788,10.74585247 106.62427521,10.74602032 106.62633514,10.74775982","Address":"209 , đường Kinh Dương Vương, Quận 6","Lat":10.747549,"Lng":106.626257},{"StationId":715,"StationOrder":29,"StationDirection":0,"RouteId":124,"StationName":"Hồ Bơi Phú Lâm","pathPoints":"106.62633514,10.74775982 106.62772369,10.74887657","Address":"157 , đường Kinh Dương Vương, Quận 6","Lat":10.748914,"Lng":106.627963},{"StationId":720,"StationOrder":30,"StationDirection":0,"RouteId":124,"StationName":"Cư xá Phú Lâm","pathPoints":"106.62772369,10.74887657 106.63075256,10.75120068","Address":"93, đường Kinh Dương Vương, Quận 6","Lat":10.751217,"Lng":106.630914},{"StationId":717,"StationOrder":31,"StationDirection":0,"RouteId":124,"StationName":"Vòng xoay Phú Lâm","pathPoints":"106.63075256,10.75120068 106.63245392,10.75255585 106.63352203,10.75324631","Address":"27A, đường Kinh Dương Vương, Quận 6","Lat":10.75322,"Lng":106.633542},{"StationId":724,"StationOrder":32,"StationDirection":0,"RouteId":124,"StationName":"Cầu Ông Buông","pathPoints":"106.63352203,10.75324631 106.63419342,10.75375748 106.63435364,10.75366211 106.63455963,10.75368404 106.63478088,10.75380993 106.63484192,10.75403118 106.63514709,10.75424194 106.63543701,10.75435829 106.63641357,10.75438976 106.63761139,10.75455856 106.63799286,10.75454807","Address":"959, đường Hồng Bàng, Quận 6","Lat":10.754548,"Lng":106.637995},{"StationId":719,"StationOrder":33,"StationDirection":0,"RouteId":124,"StationName":"Ngân hàng ACB","pathPoints":"106.63799286,10.75454807 106.63961029,10.75452137 106.64124298,10.75429535","Address":"871, đường Hồng Bàng, Quận 6","Lat":10.754295,"Lng":106.641245},{"StationId":721,"StationOrder":34,"StationDirection":0,"RouteId":124,"StationName":"Trường Nguyễn Đức Cảnh","pathPoints":"106.64124298,10.75429535 106.64400482,10.75402069","Address":"799, đường Hồng Bàng, Quận 6","Lat":10.754021,"Lng":106.644003},{"StationId":723,"StationOrder":35,"StationDirection":0,"RouteId":124,"StationName":"Chùa Nam Phổ Đà","pathPoints":"106.64400482,10.75402069 106.64595795,10.75378895","Address":"733-735, đường Hồng Bàng, Quận 6","Lat":10.753789,"Lng":106.645955},{"StationId":722,"StationOrder":36,"StationDirection":0,"RouteId":124,"StationName":"Lò Siêu","pathPoints":"106.64595795,10.75378895 106.64732361,10.75364685","Address":"647, đường Hồng Bàng, Quận 6","Lat":10.753647,"Lng":106.647323},{"StationId":278,"StationOrder":37,"StationDirection":0,"RouteId":124,"StationName":"Bến xe buýt Chợ Lớn - B","pathPoints":"106.64732361,10.75364685 106.65083313,10.75331497 106.65177917,10.75297737 106.65177155,10.75153828 106.65106964,10.75118542","Address":"BẾN XE BUÝT CHỢ LỚN B, đường Lê Quang Sung, Quận 6","Lat":10.751185,"Lng":106.65107},{"StationId":278,"StationOrder":0,"StationDirection":1,"RouteId":124,"StationName":"Bến xe buýt Chợ Lớn - B","pathPoints":"","Address":"BẾN XE BUÝT CHỢ LỚN B, đường Lê Quang Sung, Quận 6","Lat":10.751185,"Lng":106.65107},{"StationId":621,"StationOrder":1,"StationDirection":1,"RouteId":124,"StationName":"Trường Võ Văn Tần","pathPoints":"106.65106964,10.75118542 106.65106964,10.75100613 106.64960480,10.75115967 106.64974976,10.75227070 106.64974976,10.75227070","Address":"96-98, đường Phạm Đình Hổ, Quận 6","Lat":10.752271,"Lng":106.64975},{"StationId":622,"StationOrder":2,"StationDirection":1,"RouteId":124,"StationName":"Lò Siêu","pathPoints":"106.64974976,10.75227070 106.64974976,10.75227070 106.64984131,10.75362587 106.64683533,10.75390339 106.64678955,10.75395203","Address":"508, đường Hồng Bàng, Quận 11","Lat":10.753952,"Lng":106.646787},{"StationId":624,"StationOrder":3,"StationDirection":1,"RouteId":124,"StationName":"Cây Gõ","pathPoints":"106.64683533,10.75390339 106.64438629,10.75417805","Address":"638-640, đường Hồng Bàng, Quận 11","Lat":10.754232,"Lng":106.644368},{"StationId":623,"StationOrder":4,"StationDirection":1,"RouteId":124,"StationName":"Tân Hóa","pathPoints":"106.64437103,10.75423241 106.64437103,10.75423241 106.63909149,10.75474834","Address":"732, đường Hồng Bàng, Quận 11","Lat":10.754748,"Lng":106.639089},{"StationId":626,"StationOrder":5,"StationDirection":1,"RouteId":124,"StationName":"Cầu Ông Buông","pathPoints":"106.63909149,10.75474834 106.63842773,10.75477028 106.63842773,10.75477028 106.63842773,10.75477028 106.63742828,10.75482178 106.63703156,10.75484276 106.63661194,10.75482178 106.63609314,10.75479031 106.63559723,10.75467968 106.63557434,10.75473213 106.63557434,10.75473213 106.63557434,10.75473213 106.63557434,10.75473213","Address":"832-834, đường Hồng Bàng, Quận 6","Lat":10.754732,"Lng":106.635574},{"StationId":627,"StationOrder":6,"StationDirection":1,"RouteId":124,"StationName":"Vòng xoay Phú Lâm","pathPoints":"106.63557434,10.75473213 106.63557434,10.75473213 106.63557434,10.75473213 106.63468933,10.75419521 106.63458252,10.75427914 106.63442993,10.75428963 106.63423920,10.75423145 106.63411713,10.75397396 106.63414001,10.75377369 106.63344574,10.75335121 106.63336182,10.75334644 106.63336182,10.75334644","Address":"528, đường Kinh Dương Vương, Quận 6","Lat":10.753346,"Lng":106.633365},{"StationId":628,"StationOrder":7,"StationDirection":1,"RouteId":124,"StationName":"Cư Xá Phú Lâm","pathPoints":"106.63336182,10.75334644 106.63336182,10.75330448 106.63094330,10.75146008 106.63088989,10.75147533","Address":"40-42(580), đường Kinh Dương Vương, Quận 6","Lat":10.751475,"Lng":106.63089},{"StationId":629,"StationOrder":8,"StationDirection":1,"RouteId":124,"StationName":"Hồ Bơi Phú Lâm","pathPoints":"106.63088989,10.75147533 106.63090515,10.75143814 106.62848663,10.74956226 106.62843323,10.74958897","Address":"94-96, đường Kinh Dương Vương, Quận 6","Lat":10.749589,"Lng":106.628435},{"StationId":1386,"StationOrder":9,"StationDirection":1,"RouteId":124,"StationName":"Công Viên Phú Lâm","pathPoints":"106.62843323,10.74958897 106.62843323,10.74958897 106.62844849,10.74955177 106.62452698,10.74638367 106.62452698,10.74638367","Address":"Đối diện 907, đường Kinh Dương Vương, Quận 6","Lat":10.746384,"Lng":106.624525},{"StationId":117,"StationOrder":10,"StationDirection":1,"RouteId":124,"StationName":"Vòng xoay Kinh Dương Vương","pathPoints":"106.62452698,10.74638367 106.62452698,10.74638367 106.62452698,10.74639320 106.62423706,10.74609947 106.62381744,10.74569893 106.62369537,10.74568844 106.62362671,10.74563026 106.62351990,10.74555206 106.62254333,10.74473953 106.62247467,10.74474621 106.62247467,10.74474621 106.62247467,10.74474621","Address":"212-214, đường Kinh Dương Vương, Quận Bình Tân","Lat":10.744746,"Lng":106.622475},{"StationId":116,"StationOrder":11,"StationDirection":1,"RouteId":124,"StationName":"Bến xe Miền Tây","pathPoints":"106.62247467,10.74474621 106.62247467,10.74474621 106.62247467,10.74474621 106.62250519,10.74470329 106.61915588,10.74193573 106.61909485,10.74197292 106.61909485,10.74197292","Address":"358-360, đường Kinh Dương Vương, Quận Bình Tân","Lat":10.741973,"Lng":106.619096},{"StationId":4150,"StationOrder":12,"StationDirection":1,"RouteId":124,"StationName":"428, Kinh Dương Vương","pathPoints":"106.61909485,10.74197292 106.61909485,10.74197292 106.61912537,10.74193096 106.61843109,10.74131393 106.61837769,10.74138260 106.61837769,10.74138260","Address":"428, đường Kinh Dương Vương, Quận Bình Tân","Lat":10.741383,"Lng":106.618377},{"StationId":630,"StationOrder":13,"StationDirection":1,"RouteId":124,"StationName":"Bệnh viện Triều An","pathPoints":"106.61837769,10.74138260 106.61790466,10.74094009 106.61639404,10.73967457","Address":"480 (EXIMBANK), đường Kinh Dương Vương, Quận Bình Tân","Lat":10.739675,"Lng":106.616392},{"StationId":631,"StationOrder":14,"StationDirection":1,"RouteId":124,"StationName":"Hàng Dương","pathPoints":"106.61639404,10.73967457 106.61640167,10.73959637 106.61547852,10.73880959 106.61511993,10.73832989 106.61479187,10.73777962 106.61317444,10.73514271 106.61314392,10.73513794","Address":"548, đường Kinh Dương Vương, Quận Bình Tân","Lat":10.735138,"Lng":106.613144},{"StationId":632,"StationOrder":15,"StationDirection":1,"RouteId":124,"StationName":"SinCo","pathPoints":"106.61314392,10.73513794 106.61315918,10.73514271 106.61106873,10.73163223 106.61103058,10.73167419","Address":"Đối diện nhà trọ Thanh Trường, đường Kinh Dương Vương, Quận Bình Tân","Lat":10.731674,"Lng":106.611028},{"StationId":633,"StationOrder":16,"StationDirection":1,"RouteId":124,"StationName":"Hoa hồng","pathPoints":"106.61103058,10.73167419 106.61109161,10.73163223 106.61048889,10.73064137 106.61007690,10.73016739 106.60967255,10.72988224 106.60829926,10.72897053 106.60827637,10.72900963 106.60827637,10.72901440 106.60827637,10.72901440","Address":"620, đường Kinh Dương Vương, Quận Bình Tân","Lat":10.729014,"Lng":106.608276},{"StationId":634,"StationOrder":17,"StationDirection":1,"RouteId":124,"StationName":"An Lạc","pathPoints":"106.60826111,10.72900772 106.60828400,10.72894955 106.60579681,10.72729492 106.60575104,10.72733021","Address":"676, đường Kinh Dương Vương, Quận Bình Tân","Lat":10.72733,"Lng":106.605751},{"StationId":635,"StationOrder":18,"StationDirection":1,"RouteId":124,"StationName":"Thời trang","pathPoints":"106.60575104,10.72733021 106.60577393,10.72726822 106.60443878,10.72638798 106.60334015,10.72568130 106.60308075,10.72544956 106.60302734,10.72546577","Address":"724, đường Kinh Dương Vương, Quận Bình Tân","Lat":10.725466,"Lng":106.603027},{"StationId":636,"StationOrder":19,"StationDirection":1,"RouteId":124,"StationName":"Bãi xe Phương Trang","pathPoints":"106.60302734,10.72546577 106.60302734,10.72546577 106.60302734,10.72546577 106.60179138,10.72411633 106.60139465,10.72406387 106.60102081,10.72385311 106.60041046,10.72100163 106.60034180,10.72102165","Address":"Bãi xe Phương Trang, đường Quốc lộ 1A, Huyện Bình Chánh","Lat":10.721022,"Lng":106.600342},{"StationId":637,"StationOrder":20,"StationDirection":1,"RouteId":124,"StationName":"Hưng Nhơn","pathPoints":"106.60034180,10.72102165 106.60033417,10.72101212 106.60041046,10.72099113 106.60015106,10.71948814 106.59986877,10.71780205 106.59951782,10.71586227 106.59921265,10.71398544 106.59886932,10.71230412 106.59879303,10.71224117","Address":"B1/5, đường Quốc lộ 1A, Huyện Bình Chánh","Lat":10.712241,"Lng":106.598791},{"StationId":638,"StationOrder":21,"StationDirection":1,"RouteId":124,"StationName":"Dương Đình Cúc","pathPoints":"106.59879303,10.71224117 106.59885406,10.71217251 106.59870911,10.71050167 106.59809113,10.70705986 106.59809113,10.70705986","Address":"C3/4, đường Quốc lộ 1A, Huyện Bình Chánh","Lat":10.70706,"Lng":106.598089},{"StationId":2155,"StationOrder":22,"StationDirection":1,"RouteId":124,"StationName":"Chùa Tam Bửu","pathPoints":"106.59809113,10.70705986 106.59783173,10.70583725 106.59735870,10.70497227 106.59714508,10.70436096 106.59707642,10.70393944 106.59719086,10.69978523 106.59690857,10.69774055 106.59629822,10.69671345","Address":"Đ/d A9/16, đường Nguyễn Hữu Trí, Huyện Bình Chánh","Lat":10.696713,"Lng":106.5962},{"StationId":2152,"StationOrder":23,"StationDirection":1,"RouteId":124,"StationName":"Bệnh viện Bình Chánh","pathPoints":"106.59629822,10.69671345 106.59274292,10.69625854","Address":"Đ/d SatraFood E9/8A-8C (Bệnh viện Bình Chánh Cũ), đường Nguyễn Hữu Trí, Huyện Bình Chánh","Lat":10.696259,"Lng":106.592746},{"StationId":2154,"StationOrder":24,"StationDirection":1,"RouteId":124,"StationName":"Trung tâm văn hóa huyện Bình Chánh","pathPoints":"106.59274292,10.69625854 106.59032440,10.69598961","Address":"E8/14B (Đ/d TTVH huyện Bình Chánh), đường Nguyễn Hữu Trí, Huyện Bình Chánh","Lat":10.69599,"Lng":106.590321},{"StationId":2157,"StationOrder":25,"StationDirection":1,"RouteId":124,"StationName":"Thiên Giang","pathPoints":"106.59032440,10.69598961 106.58898926,10.69563198 106.58765411,10.69519997","Address":"E5/1 - Công ty Vĩnh Tiến , đường Nguyễn Hữu Trí, Huyện Bình Chánh","Lat":10.6952,"Lng":106.587655},{"StationId":4597,"StationOrder":26,"StationDirection":1,"RouteId":124,"StationName":"Tân Túc","pathPoints":"106.58765411,10.69519997 106.58432007,10.69413471","Address":"Cột điện 6B3a (Kho 2), đường Nguyễn Hữu Trí, Huyện Bình Chánh","Lat":10.694135,"Lng":106.584318},{"StationId":2156,"StationOrder":27,"StationDirection":1,"RouteId":124,"StationName":"Cầu Chợ Đệm","pathPoints":"106.58432007,10.69413471 106.58432007,10.69413471 106.58417511,10.69408226 106.58438110,10.69307518 106.58459473,10.69168949 106.58708191,10.69212151 106.58734894,10.69055080 106.58611298,10.69031811 106.58595276,10.69066620 106.58566284,10.69088268 106.58540344,10.69099808 106.58512878,10.69100380 106.58479309,10.69096184 106.58426666,10.69411373 106.58257294,10.69357109 106.58134460,10.69320202 106.58088684,10.69311237 106.58088684,10.69311237","Address":"A1/1, đường Nguyễn Hữu Trí, Huyện Bình Chánh","Lat":10.693112,"Lng":106.580885},{"StationId":3962,"StationOrder":28,"StationDirection":1,"RouteId":124,"StationName":"Chùa Phước An","pathPoints":"106.58088684,10.69311237 106.57936859,10.69279575","Address":"Chùa Phước An - Cột điện T144CL, đường Nguyễn Hữu Trí, Huyện Bình Chánh","Lat":10.692796,"Lng":106.579367},{"StationId":4600,"StationOrder":29,"StationDirection":1,"RouteId":124,"StationName":"Bùi Thanh Khiết","pathPoints":"106.57936859,10.69279575 106.57574463,10.69204807","Address":"A12/31 (A11/26), đường Nguyễn Hữu Trí, Huyện Bình Chánh","Lat":10.692048,"Lng":106.575746},{"StationId":3946,"StationOrder":30,"StationDirection":1,"RouteId":124,"StationName":"Ủy ban Thị trấn Tân Túc","pathPoints":"106.57574463,10.69204807 106.57241821,10.69134140","Address":"Chiếu sáng 56 (C3/6), đường Nguyễn Hữu Trí, Huyện Bình Chánh","Lat":10.691341,"Lng":106.572415},{"StationId":3969,"StationOrder":31,"StationDirection":1,"RouteId":124,"StationName":"Đường dẫn cao tốc","pathPoints":"106.56903839,10.69048691 106.56765747,10.68995476","Address":"B4/5A (B4/9 - B4/10), đường Nguyễn Hữu Trí, Huyện Bình Chánh","Lat":10.689955,"Lng":106.567656},{"StationId":3942,"StationOrder":32,"StationDirection":1,"RouteId":124,"StationName":"Phước Hưng","pathPoints":"106.56765747,10.68995476 106.56297302,10.68828392","Address":"Chiếu sáng 86 (Điện lực Bình Chánh), đường Nguyễn Hữu Trí, Huyện Bình Chánh","Lat":10.688284,"Lng":106.562973},{"StationId":3959,"StationOrder":33,"StationDirection":1,"RouteId":124,"StationName":"Tân Liên Hương","pathPoints":"106.56297302,10.68828392 106.55744934,10.68641758","Address":"Công ty Liên Hương, đường Nguyễn Hữu Trí, Huyện Bình Chánh","Lat":10.686418,"Lng":106.557448},{"StationId":3947,"StationOrder":34,"StationDirection":1,"RouteId":124,"StationName":"Công ty Đồng Tâm","pathPoints":"106.55744934,10.68641758 106.55354309,10.68536282","Address":"Công ty Đồng Tâm, đường Nguyễn Hữu Trí, Huyện Bình Chánh","Lat":10.68491,"Lng":106.551821},{"StationId":3933,"StationOrder":35,"StationDirection":1,"RouteId":124,"StationName":"Tân Túc","pathPoints":"106.55181885,10.68490982 106.54969788,10.68431473 106.54975128,10.68414593","Address":"Điểm Đầu - Cuối Tân Túc, đường Nguyễn Hữu Trí, Huyện Bình Chánh","Lat":10.684146,"Lng":106.549755}]