[{"StationId":2140,"StationOrder":0,"StationDirection":0,"RouteId":42,"StationName":"Bến xe buýt Bình Khánh","pathPoints":"","Address":"BẾN XE BUÝT BÌNH KHÁNH, đường Huỳnh Tấn Phát, Huyện Nhà Bè","Lat":10.673856,"Lng":106.766263},{"StationId":2174,"StationOrder":1,"StationDirection":0,"RouteId":42,"StationName":"Phà Bình Khánh","pathPoints":"106.76626587,10.67385578 106.76612854,10.67364502 106.76577759,10.67371368 106.76542664,10.67385578","Address":"2919, đường Huỳnh Tấn Phát, Huyện Nhà Bè","Lat":10.673856,"Lng":106.765426},{"StationId":2173,"StationOrder":2,"StationDirection":0,"RouteId":42,"StationName":"Chùa Bà Châu Đốc 2","pathPoints":"106.76542664,10.67385578 106.76262665,10.67493057","Address":"2775-2777, đường Huỳnh Tấn Phát, Huyện Nhà Bè","Lat":10.674931,"Lng":106.762626},{"StationId":3689,"StationOrder":3,"StationDirection":0,"RouteId":42,"StationName":"Trường Lê Văn Hưu","pathPoints":"106.76262665,10.67493057 106.75984955,10.67598534","Address":"2749, đường Huỳnh Tấn Phát, Huyện Nhà Bè","Lat":10.675985,"Lng":106.759847},{"StationId":2176,"StationOrder":4,"StationDirection":0,"RouteId":42,"StationName":"Việt Long Sài Gòn","pathPoints":"106.75984955,10.67598534 106.75759125,10.67688179","Address":"817, đường Huỳnh Tấn Phát, Huyện Nhà Bè","Lat":10.676882,"Lng":106.757594},{"StationId":2177,"StationOrder":5,"StationDirection":0,"RouteId":42,"StationName":"Ủy ban xã Phú Xuân","pathPoints":"106.75759125,10.67688179 106.75435638,10.67811489","Address":"2461, đường Huỳnh Tấn Phát, Huyện Nhà Bè","Lat":10.678115,"Lng":106.754354},{"StationId":1141,"StationOrder":6,"StationDirection":0,"RouteId":42,"StationName":"Công Tiến Thọ","pathPoints":"106.75435638,10.67811489 106.75187683,10.67914295 106.75070953,10.67950726","Address":"2479 (19/8B), đường Huỳnh Tấn Phát, Huyện Nhà Bè","Lat":10.679507,"Lng":106.75071},{"StationId":1143,"StationOrder":7,"StationDirection":0,"RouteId":42,"StationName":"Đào Tông Nguyên","pathPoints":"106.75070953,10.67950726 106.74968719,10.67981815 106.74807739,10.68053436 106.74745178,10.68125153 106.74699402,10.68198490","Address":"23/3, đường Huỳnh Tấn Phát, Huyện Nhà Bè","Lat":10.681985,"Lng":106.746994},{"StationId":1142,"StationOrder":8,"StationDirection":0,"RouteId":42,"StationName":"Chùa Pháp Võ","pathPoints":"106.74699402,10.68198490 106.74547577,10.68412495","Address":"27/1B, đường Huỳnh Tấn Phát, Huyện Nhà Bè","Lat":10.684125,"Lng":106.745476},{"StationId":1144,"StationOrder":9,"StationDirection":0,"RouteId":42,"StationName":"Ngân hàng Agribank","pathPoints":"106.74547577,10.68412495 106.74320221,10.68739319","Address":"18, đường Huỳnh Tấn Phát, Huyện Nhà Bè","Lat":10.687393,"Lng":106.743202},{"StationId":1145,"StationOrder":10,"StationDirection":0,"RouteId":42,"StationName":"Chùa Lá","pathPoints":"106.74311066,10.68743992 106.74266815,10.68805981 106.74243164,10.68844986 106.74228668,10.68879986 106.74205017,10.68943977 106.74192047,10.68980980 106.74192047,10.68982029","Address":"2213, đường Huỳnh Tấn Phát, Huyện Nhà Bè","Lat":10.68996,"Lng":106.741909},{"StationId":1146,"StationOrder":11,"StationDirection":0,"RouteId":42,"StationName":"Trường Lâm Văn Bền","pathPoints":"106.74192047,10.68982029 106.74102020,10.69237041","Address":"638, đường Huỳnh Tấn Phát, Huyện Nhà Bè","Lat":10.693397,"Lng":106.740723},{"StationId":1150,"StationOrder":12,"StationDirection":0,"RouteId":42,"StationName":"Công An Thị Trấn Nhà Bè","pathPoints":"106.74072266,10.69339657 106.74002838,10.69533157","Address":"2049, đường Huỳnh Tấn Phát, Huyện Nhà Bè","Lat":10.695332,"Lng":106.740026},{"StationId":1148,"StationOrder":13,"StationDirection":0,"RouteId":42,"StationName":"Nha khoa Khánh Minh","pathPoints":"106.74002838,10.69533157 106.73899841,10.69827271","Address":"1758, đường Huỳnh Tấn Phát, Huyện Nhà Bè","Lat":10.698273,"Lng":106.738996},{"StationId":1059,"StationOrder":14,"StationDirection":0,"RouteId":42,"StationName":"Chợ Phú Xuân","pathPoints":"106.73899841,10.69827271 106.73851776,10.69980717 106.73831177,10.70114040","Address":"1809-1811, đường Huỳnh Tấn Phát, Huyện Nhà Bè","Lat":10.70114,"Lng":106.738315},{"StationId":1364,"StationOrder":15,"StationDirection":0,"RouteId":42,"StationName":"Phạm Hữu Lầu","pathPoints":"106.73831177,10.70114040 106.73831177,10.70218945 106.73793030,10.70484638 106.73764801,10.70554733","Address":"1697-1699, đường Huỳnh Tấn Phát, Quận 7","Lat":10.705547,"Lng":106.737649},{"StationId":1363,"StationOrder":16,"StationDirection":0,"RouteId":42,"StationName":"Chùa Pháp Hoa","pathPoints":"106.73764801,10.70554733 106.73746490,10.70672226 106.73738098,10.70892620","Address":"Đối diện 1422 (1611), đường Huỳnh Tấn Phát, Quận 7","Lat":10.708926,"Lng":106.737381},{"StationId":1367,"StationOrder":17,"StationDirection":0,"RouteId":42,"StationName":"An Chánh Dương","pathPoints":"106.73738098,10.70892620 106.73722839,10.71053600","Address":"1543, đường Huỳnh Tấn Phát, Quận 7","Lat":10.711134,"Lng":106.737242},{"StationId":1365,"StationOrder":18,"StationDirection":0,"RouteId":42,"StationName":"Trường Ngô Quyền","pathPoints":"106.73724365,10.71113396 106.73717499,10.71279526","Address":"1424 (1503/7), đường Huỳnh Tấn Phát, Quận 7","Lat":10.712795,"Lng":106.737177},{"StationId":2175,"StationOrder":19,"StationDirection":0,"RouteId":42,"StationName":"Hoàng Quốc Việt","pathPoints":"106.73717499,10.71279526 106.73708344,10.71462440","Address":"1393-1395, đường Huỳnh Tấn Phát, Quận 7","Lat":10.714624,"Lng":106.737081},{"StationId":2178,"StationOrder":20,"StationDirection":0,"RouteId":42,"StationName":"Nhà sách Nguyễn Văn Cừ","pathPoints":"106.73708344,10.71462440 106.73697662,10.71673203","Address":"Đối diện 1260, đường Huỳnh Tấn Phát, Quận 7","Lat":10.716732,"Lng":106.736974},{"StationId":2179,"StationOrder":21,"StationDirection":0,"RouteId":42,"StationName":"Trường Nguyễn Văn Hưởng","pathPoints":"106.73697662,10.71673203 106.73688507,10.71865559","Address":"1255, đường Huỳnh Tấn Phát, Quận 7","Lat":10.718656,"Lng":106.736882},{"StationId":2180,"StationOrder":22,"StationDirection":0,"RouteId":42,"StationName":"Ban chỉ huy quân sự Quận 7","pathPoints":"106.73688507,10.71865559 106.73676300,10.72019005 106.73655701,10.72105408","Address":"1193, đường Huỳnh Tấn Phát, Quận 7","Lat":10.721054,"Lng":106.73656},{"StationId":2181,"StationOrder":23,"StationDirection":0,"RouteId":42,"StationName":"Mầm non Ban Mai","pathPoints":"106.73655701,10.72105408 106.73552704,10.72314072","Address":"1097, đường Huỳnh Tấn Phát, Quận 7","Lat":10.723141,"Lng":106.735525},{"StationId":2182,"StationOrder":24,"StationDirection":0,"RouteId":42,"StationName":"Khu phố 3","pathPoints":"106.73552704,10.72314072 106.73455048,10.72502804","Address":"1027, đường Huỳnh Tấn Phát, Quận 7","Lat":10.725028,"Lng":106.734554},{"StationId":2129,"StationOrder":25,"StationDirection":0,"RouteId":42,"StationName":"Gò Ô Môi","pathPoints":"106.73455048,10.72502804 106.73344421,10.72714138 106.73284149,10.72865391","Address":"955A, đường Huỳnh Tấn Phát, Quận 7","Lat":10.728654,"Lng":106.732838},{"StationId":2183,"StationOrder":26,"StationDirection":0,"RouteId":42,"StationName":"Phú Thuận","pathPoints":"106.73284149,10.72865391 106.73183441,10.73172665","Address":"853, đường Huỳnh Tấn Phát, Quận 7","Lat":10.731727,"Lng":106.731834},{"StationId":2184,"StationOrder":27,"StationDirection":0,"RouteId":42,"StationName":"Cầu Phú Mỹ","pathPoints":"106.73183441,10.73172665 106.73114777,10.73375130 106.73068237,10.73663902","Address":"731, đường Huỳnh Tấn Phát, Quận 7","Lat":10.736639,"Lng":106.730681},{"StationId":2189,"StationOrder":28,"StationDirection":0,"RouteId":42,"StationName":"Nghĩa Trang Liệt Sĩ Nhà Bè","pathPoints":"106.73068237,10.73663902 106.73018646,10.73994446","Address":"619, đường Huỳnh Tấn Phát, Quận 7","Lat":10.739944,"Lng":106.730188},{"StationId":2185,"StationOrder":29,"StationDirection":0,"RouteId":42,"StationName":"Trường Nguyễn Hữu Cảnh","pathPoints":"106.73018646,10.73994446 106.72979736,10.74262142","Address":"571, đường Huỳnh Tấn Phát, Quận 7","Lat":10.742621,"Lng":106.729796},{"StationId":2187,"StationOrder":30,"StationDirection":0,"RouteId":42,"StationName":"Nhà tưởng niệm Bác Hồ","pathPoints":"106.72979736,10.74262142 106.72940826,10.74507713","Address":"473-475, đường Huỳnh Tấn Phát, Quận 7","Lat":10.745077,"Lng":106.72941},{"StationId":2190,"StationOrder":31,"StationDirection":0,"RouteId":42,"StationName":"Bùi Văn Ba","pathPoints":"106.72940826,10.74507713 106.72886658,10.74944115","Address":"381, đường Huỳnh Tấn Phát, Quận 7","Lat":10.749441,"Lng":106.728868},{"StationId":2188,"StationOrder":32,"StationDirection":0,"RouteId":42,"StationName":"Khu chế xuất Tân Thuận","pathPoints":"106.72886658,10.74944115 106.72868347,10.75189209","Address":"Đối diện 298, đường Huỳnh Tấn Phát, Quận 7","Lat":10.751892,"Lng":106.72868},{"StationId":846,"StationOrder":33,"StationDirection":0,"RouteId":42,"StationName":"Kho 18","pathPoints":"106.72868347,10.75189209 106.72853088,10.75380993 106.72815704,10.75435829 106.72770691,10.75456905 106.72620392,10.75489998","Address":"267, đường Huỳnh Tấn Phát, Quận 7","Lat":10.7549,"Lng":106.726204},{"StationId":845,"StationOrder":34,"StationDirection":0,"RouteId":42,"StationName":"Vòng xoay Tân Thuận","pathPoints":"106.72620392,10.75489998 106.72394562,10.75542259","Address":"135, đường Huỳnh Tấn Phát, Quận 7","Lat":10.755423,"Lng":106.723946},{"StationId":848,"StationOrder":35,"StationDirection":0,"RouteId":42,"StationName":"Cảng Sài Gòn","pathPoints":"106.72394562,10.75542259 106.72394562,10.75542259 106.72333527,10.75553894 106.72261047,10.75505924 106.72245026,10.75503826 106.72227478,10.75509644 106.71977234,10.75627613 106.71646118,10.75783634 106.71549988,10.75844288 106.71549988,10.75844288","Address":"Đối diện 466, đường Nguyễn Tất Thành, Quận 4","Lat":10.758443,"Lng":106.7155},{"StationId":847,"StationOrder":36,"StationDirection":0,"RouteId":42,"StationName":"Nhà thờ Thánh An Tôn","pathPoints":"106.71549988,10.75844288 106.71324158,10.75977135","Address":"Đối diện 448, đường Nguyễn Tất Thành, Quận 4","Lat":10.759771,"Lng":106.713241},{"StationId":850,"StationOrder":37,"StationDirection":0,"RouteId":42,"StationName":"Đại học Nguyễn Tất Thành","pathPoints":"106.71324158,10.75977135 106.71019745,10.76155663","Address":"Đối diện 300A, đường Nguyễn Tất Thành, Quận 4","Lat":10.761557,"Lng":106.710194},{"StationId":849,"StationOrder":38,"StationDirection":0,"RouteId":42,"StationName":"Bưu Điện Quận 4","pathPoints":"106.71019745,10.76155663 106.70841217,10.76253700 106.70793915,10.76374435","Address":"75-83, đường Nguyễn Tất Thành, Quận 4","Lat":10.763744,"Lng":106.707941},{"StationId":852,"StationOrder":39,"StationDirection":0,"RouteId":42,"StationName":"Chợ Xóm Chiếu","pathPoints":"106.70793915,10.76374435 106.70721436,10.76522541 106.70647430,10.76498318","Address":"34, đường Hoàng Diệu, Quận 4","Lat":10.764983,"Lng":106.706471},{"StationId":851,"StationOrder":40,"StationDirection":0,"RouteId":42,"StationName":"Đoàn Văn Bơ","pathPoints":"106.70647430,10.76498318 106.70455933,10.76411343 106.70403290,10.76374435","Address":"106-108, đường Hoàng Diệu, Quận 4","Lat":10.763744,"Lng":106.704031},{"StationId":2028,"StationOrder":41,"StationDirection":0,"RouteId":42,"StationName":"Trường Cao Thắng","pathPoints":"106.70403290,10.76374435 106.70375824,10.76352787 106.70159912,10.76514053 106.70095062,10.76579952 106.70185852,10.76718521 106.70253754,10.76789188 106.70347595,10.76859760 106.70248413,10.77101135 106.70185089,10.77104282","Address":"Trường Cao Thắng, đường Hàm Nghi, Quận 1","Lat":10.771043,"Lng":106.701853},{"StationId":82,"StationOrder":42,"StationDirection":0,"RouteId":42,"StationName":"Trạm Trung chuyển trên đường Hàm Nghi","pathPoints":"106.70185089,10.77104282 106.69932556,10.77124310","Address":"Hàm Nghi 16, đường Hàm Nghi, Quận 1","Lat":10.771243,"Lng":106.699326},{"StationId":7273,"StationOrder":43,"StationDirection":0,"RouteId":42,"StationName":"Khách sạn New World","pathPoints":"106.69935608,10.77116299 106.69873810,10.77131176 106.69881439,10.77164936 106.69864655,10.77190781 106.69834137,10.77191830 106.69812775,10.77178097 106.69594574,10.77096367","Address":"Đối diện cây xanh số 105, đường Lê Lai, Quận 1","Lat":10.770964,"Lng":106.695946},{"StationId":7274,"StationOrder":44,"StationDirection":0,"RouteId":42,"StationName":"Nguyễn Thị Nghĩa","pathPoints":"106.69594574,10.77096367 106.69594574,10.77096367 106.69595337,10.77092171 106.69351959,10.76990986 106.69349670,10.76995182 106.69349670,10.76995182","Address":"94-96, đường Lê Lai, Quận 1","Lat":10.769952,"Lng":106.693495},{"StationId":7275,"StationOrder":45,"StationDirection":0,"RouteId":42,"StationName":"Tôn Thất Tùng","pathPoints":"106.69349670,10.76995182 106.69351196,10.76987362 106.69049835,10.76869774 106.69046783,10.76876068","Address":"202-204, đường Lê Lai, Quận 1","Lat":10.768761,"Lng":106.690469},{"StationId":35,"StationOrder":46,"StationDirection":0,"RouteId":42,"StationName":"Bến xe buýt Sài Gòn","pathPoints":"106.69046783,10.76876068 106.69050598,10.76870823 106.68921661,10.76814461 106.68936157,10.76767635","Address":"BẾN XE BUÝT SÀI GÒN, đường Lê Lai, Quận 1","Lat":10.767676,"Lng":106.689362},{"StationId":35,"StationOrder":0,"StationDirection":1,"RouteId":42,"StationName":"Bến xe buýt Sài Gòn","pathPoints":"","Address":"BẾN XE BUÝT SÀI GÒN, đường Lê Lai, Quận 1","Lat":10.767676,"Lng":106.689362},{"StationId":7276,"StationOrder":1,"StationDirection":1,"RouteId":42,"StationName":"Tôn Thất Tùng","pathPoints":"106.68936157,10.76767635 106.68955994,10.76718521 106.69094086,10.76766968","Address":"277-279-275Y, đường Phạm Ngũ Lão, Quận 1","Lat":10.76767,"Lng":106.690941},{"StationId":7277,"StationOrder":2,"StationDirection":1,"RouteId":42,"StationName":"Nguyễn Thị Nghĩa","pathPoints":"106.69094086,10.76766968 106.69089508,10.76772308 106.69366455,10.76882458 106.69370270,10.76878834","Address":"187, đường Phạm Ngũ Lão, Quận 1","Lat":10.768788,"Lng":106.693699},{"StationId":7278,"StationOrder":3,"StationDirection":1,"RouteId":42,"StationName":"Trường Emst Thalmann","pathPoints":"106.69370270,10.76878834 106.69365692,10.76883030 106.69556427,10.76956749 106.69558716,10.76950359","Address":"Trường Emst Thalmann, đường Phạm Ngũ Lão, Quận 1","Lat":10.769504,"Lng":106.695587},{"StationId":4275,"StationOrder":4,"StationDirection":1,"RouteId":42,"StationName":"Trạm Trung chuyển trên đường Hàm Nghi","pathPoints":"106.69558716,10.76950359 106.69612122,10.76975727 106.69644165,10.76914120 106.69757843,10.77041054 106.69905090,10.77086449 106.70101166,10.77079010","Address":"Hàm Nghi 15, đường Hàm Nghi, Quận 1","Lat":10.77079,"Lng":106.70101},{"StationId":32,"StationOrder":5,"StationDirection":1,"RouteId":42,"StationName":"Hồ Tùng Mậu","pathPoints":"106.70101166,10.77079010 106.70407104,10.77072239","Address":"67, đường Hàm Nghi, Quận 1","Lat":10.770722,"Lng":106.704074},{"StationId":2114,"StationOrder":6,"StationDirection":1,"RouteId":42,"StationName":"Tòa nhà Bitexco","pathPoints":"106.70407104,10.77072239 106.70478821,10.77068520","Address":"31-33-35, đường Hàm Nghi, Quận 1","Lat":10.770685,"Lng":106.704792},{"StationId":2115,"StationOrder":7,"StationDirection":1,"RouteId":42,"StationName":"Cục Hải Quan Thành Phố","pathPoints":"106.70510864,10.77064991 106.70584106,10.77062035","Address":"1, đường Hàm Nghi, Quận 1","Lat":10.770637,"Lng":106.705785},{"StationId":2116,"StationOrder":8,"StationDirection":1,"RouteId":42,"StationName":"Đại học Luật","pathPoints":"106.70612335,10.77050018 106.70616913,10.77045822 106.70618439,10.77039814 106.70616150,10.77026939 106.70606232,10.77001476 106.70593262,10.76974583 106.70580292,10.76951504 106.70568848,10.76932526 106.70561218,10.76913643 106.70555878,10.76889038 106.70554352,10.76875305 106.70555115,10.76858044 106.70561218,10.76826954 106.70570374,10.76805496 106.70597076,10.76760101 106.70603943,10.76742268 106.70610046,10.76733017","Address":"8A, đường Nguyễn Tất Thành, Quận 4","Lat":10.767288,"Lng":106.706032},{"StationId":855,"StationOrder":9,"StationDirection":1,"RouteId":42,"StationName":"Bưu Điện Quận 4","pathPoints":"106.70610046,10.76733017 106.70626068,10.76706982 106.70639801,10.76675987 106.70738220,10.76459026 106.70780182,10.76366043","Address":"136-138, đường Nguyễn Tất Thành, Quận 4","Lat":10.76385,"Lng":106.70763},{"StationId":857,"StationOrder":10,"StationDirection":1,"RouteId":42,"StationName":"Đại học Nguyễn Tất Thành","pathPoints":"106.70762634,10.76385021 106.70773315,10.76380730 106.70830536,10.76250076 106.70932770,10.76188946 106.70932007,10.76179981 106.70932007,10.76179981","Address":"276, đường Nguyễn Tất Thành, Quận 4","Lat":10.7618,"Lng":106.70932},{"StationId":858,"StationOrder":11,"StationDirection":1,"RouteId":42,"StationName":"Trường Nguyễn Trãi","pathPoints":"106.70932007,10.76179981 106.70932007,10.76179981 106.70932007,10.76179981 106.70947266,10.76182079 106.71326447,10.75960732 106.71335602,10.75942326","Address":"428, đường Nguyễn Tất Thành, Quận 4","Lat":10.759423,"Lng":106.713359},{"StationId":860,"StationOrder":12,"StationDirection":1,"RouteId":42,"StationName":"Cảng Sài Gòn","pathPoints":"106.71335602,10.75942326 106.71335602,10.75942326 106.71349335,10.75945950 106.71590424,10.75803185 106.71598053,10.75790024 106.71598053,10.75790024","Address":"456, đường Nguyễn Tất Thành, Quận 4","Lat":10.7579,"Lng":106.715977},{"StationId":859,"StationOrder":13,"StationDirection":1,"RouteId":42,"StationName":"Cầu Tân Thuận 2","pathPoints":"106.71598053,10.75790024 106.71637726,10.75774956 106.71768951,10.75714016 106.71797943,10.75699997 106.71816254,10.75687981 106.71907043,10.75619984 106.72042084,10.75518990 106.72384644,10.75265026 106.72393036,10.75242424","Address":"46/14 (chân cầu Tân Thuận 2), đường Nguyễn Văn Linh, Quận 7","Lat":10.752424,"Lng":106.723927},{"StationId":843,"StationOrder":14,"StationDirection":1,"RouteId":42,"StationName":"Khu chế xuất Tân Thuận","pathPoints":"106.72393036,10.75242424 106.72424316,10.75226021 106.72480011,10.75187111 106.72537231,10.75216007 106.72597504,10.75237656 106.72630310,10.75246620 106.72662354,10.75252438 106.72730255,10.75254440","Address":"Đối diện 49/2, đường Nguyễn Văn Linh, Quận 7","Lat":10.752498,"Lng":106.727414},{"StationId":2122,"StationOrder":15,"StationDirection":1,"RouteId":42,"StationName":"Khu chế xuất Tân Thuận","pathPoints":"106.72741699,10.75249767 106.72738647,10.75261879 106.72795105,10.75263977 106.72828674,10.75247192 106.72850800,10.75228024 106.72853851,10.75169182 106.72843170,10.75166035","Address":"298, đường Huỳnh Tấn Phát, Quận 7","Lat":10.75166,"Lng":106.728428},{"StationId":2123,"StationOrder":16,"StationDirection":1,"RouteId":42,"StationName":"Bùi Văn Ba","pathPoints":"106.72843170,10.75166035 106.72853851,10.75168133 106.72876740,10.74915028 106.72864532,10.74915123","Address":"338, đường Huỳnh Tấn Phát, Quận 7","Lat":10.749151,"Lng":106.728643},{"StationId":2125,"StationOrder":17,"StationDirection":1,"RouteId":42,"StationName":"Nhà tưởng niệm Bác Hồ","pathPoints":"106.72864532,10.74915123 106.72876740,10.74915028 106.72889709,10.74776554 106.72924805,10.74510384 106.72916412,10.74506092","Address":"448A, đường Huỳnh Tấn Phát, Quận 7","Lat":10.745061,"Lng":106.729163},{"StationId":2124,"StationOrder":18,"StationDirection":1,"RouteId":42,"StationName":"Trường Huỳnh Tấn Phát","pathPoints":"106.72916412,10.74506092 106.72925568,10.74509811 106.72960663,10.74291992 106.72948456,10.74290085","Address":"488, đường Huỳnh Tấn Phát, Quận 7","Lat":10.742901,"Lng":106.729485},{"StationId":2126,"StationOrder":19,"StationDirection":1,"RouteId":42,"StationName":"Nghĩa trang liệt sỹ Nhà Bè","pathPoints":"106.72948456,10.74290085 106.72960663,10.74291992 106.72996521,10.74040222 106.72987366,10.74038124","Address":"Nghĩa trang liệt sỹ Nhà Bè, đường Huỳnh Tấn Phát, Quận 7","Lat":10.740381,"Lng":106.729876},{"StationId":2130,"StationOrder":20,"StationDirection":1,"RouteId":42,"StationName":"Cầu Phú Mỹ","pathPoints":"106.72987366,10.74038124 106.72994232,10.74037647 106.73050690,10.73680782 106.73043060,10.73680305","Address":"560 (16/8), đường Huỳnh Tấn Phát, Quận 7","Lat":10.736803,"Lng":106.730434},{"StationId":2186,"StationOrder":21,"StationDirection":1,"RouteId":42,"StationName":"Khu phố 2","pathPoints":"106.73043060,10.73680305 106.73043060,10.73680305 106.73052216,10.73680305 106.73085022,10.73430443 106.73075104,10.73429394 106.73075104,10.73429394","Address":"704, đường Huỳnh Tấn Phát, Quận 7","Lat":10.734294,"Lng":106.730751},{"StationId":2127,"StationOrder":22,"StationDirection":1,"RouteId":42,"StationName":"Phú Thuận","pathPoints":"106.73075104,10.73429394 106.73075104,10.73429394 106.73085022,10.73428345 106.73095703,10.73368263 106.73174286,10.73137379 106.73165131,10.73133659 106.73165131,10.73133659","Address":"748, đường Huỳnh Tấn Phát, Quận 7","Lat":10.731337,"Lng":106.731652},{"StationId":2128,"StationOrder":23,"StationDirection":1,"RouteId":42,"StationName":"Gò Ô Môi","pathPoints":"106.73165131,10.73133659 106.73165131,10.73133659 106.73175049,10.73135853 106.73275757,10.72846508 106.73267365,10.72843266 106.73267365,10.72843266","Address":"864, đường Huỳnh Tấn Phát, Quận 7","Lat":10.728433,"Lng":106.732677},{"StationId":2132,"StationOrder":24,"StationDirection":1,"RouteId":42,"StationName":"Khu phố 3","pathPoints":"106.73267365,10.72843266 106.73267365,10.72843266 106.73274994,10.72844887 106.73323059,10.72725773 106.73436737,10.72502327 106.73429871,10.72498608 106.73429871,10.72498608","Address":"936, đường Huỳnh Tấn Phát, Quận 7","Lat":10.724986,"Lng":106.734302},{"StationId":2131,"StationOrder":25,"StationDirection":1,"RouteId":42,"StationName":"Mầm non Ban Mai","pathPoints":"106.73429871,10.72498608 106.73429871,10.72498608 106.73439026,10.72501278 106.73549652,10.72287273 106.73541260,10.72283554 106.73541260,10.72283554","Address":"1004A, đường Huỳnh Tấn Phát, Quận 7","Lat":10.722836,"Lng":106.735412},{"StationId":2135,"StationOrder":26,"StationDirection":1,"RouteId":42,"StationName":"Ban chỉ huy Quân sự Quận 7","pathPoints":"106.73541260,10.72283554 106.73541260,10.72283554 106.73551178,10.72285652 106.73627472,10.72133827 106.73646545,10.72085381 106.73638153,10.72083282 106.73638153,10.72083282","Address":"1092-1094, đường Huỳnh Tấn Phát, Quận 7","Lat":10.720833,"Lng":106.736378},{"StationId":2133,"StationOrder":27,"StationDirection":1,"RouteId":42,"StationName":"Trường Nguyễn Văn Hưởng","pathPoints":"106.73638153,10.72083282 106.73645782,10.72084332 106.73660278,10.72015285 106.73668671,10.71884537 106.73659515,10.71883965","Address":"1166, đường Huỳnh Tấn Phát, Quận 7","Lat":10.71884,"Lng":106.736593},{"StationId":2136,"StationOrder":28,"StationDirection":1,"RouteId":42,"StationName":"Nhà sách Nguyễn Văn Cừ","pathPoints":"106.73659515,10.71883965 106.73668671,10.71884060 106.73678589,10.71763897 106.73681641,10.71659470 106.73673248,10.71660042","Address":"1260, đường Huỳnh Tấn Phát, Quận 7","Lat":10.7166,"Lng":106.736732},{"StationId":2134,"StationOrder":29,"StationDirection":1,"RouteId":42,"StationName":"Hoàng Quốc Việt","pathPoints":"106.73673248,10.71660042 106.73680878,10.71661091 106.73689270,10.71477604 106.73681641,10.71478176","Address":"1312, đường Huỳnh Tấn Phát, Quận 7","Lat":10.714782,"Lng":106.736813},{"StationId":1362,"StationOrder":30,"StationDirection":1,"RouteId":42,"StationName":"Trường Ngô Quyền","pathPoints":"106.73681641,10.71478176 106.73681641,10.71478176 106.73690033,10.71478653 106.73697662,10.71296883 106.73690033,10.71297359 106.73690033,10.71297359","Address":"1360, đường Huỳnh Tấn Phát, Quận 7","Lat":10.712974,"Lng":106.736904},{"StationId":1358,"StationOrder":31,"StationDirection":1,"RouteId":42,"StationName":"An Chánh Dương","pathPoints":"106.73696136,10.71294212 106.73696136,10.71269417 106.73703003,10.71166134 106.73704529,10.71141148","Address":"1400, đường Huỳnh Tấn Phát, Quận 7","Lat":10.711002,"Lng":106.737016},{"StationId":1360,"StationOrder":32,"StationDirection":1,"RouteId":42,"StationName":"Chùa Pháp Hoa","pathPoints":"106.73701477,10.71100235 106.73711395,10.71096516 106.73722839,10.70895958 106.73715210,10.70895767","Address":"1452, đường Huỳnh Tấn Phát, Quận 7","Lat":10.708958,"Lng":106.737152},{"StationId":1366,"StationOrder":33,"StationDirection":1,"RouteId":42,"StationName":"Phạm Hữu Lầu","pathPoints":"106.73722839,10.70895958 106.73737335,10.70650959 106.73750305,10.70563984","Address":"1520-1522, đường Huỳnh Tấn Phát, Quận 7","Lat":10.705626,"Lng":106.737427},{"StationId":1055,"StationOrder":34,"StationDirection":1,"RouteId":42,"StationName":"Chợ Phú Xuân","pathPoints":"106.73750305,10.70563984 106.73757172,10.70528030 106.73770905,10.70495987 106.73783875,10.70454979 106.73811340,10.70296001 106.73819733,10.70226955 106.73819733,10.70186043 106.73818207,10.70147038 106.73815918,10.70137024 106.73818970,10.70112991 106.73822784,10.70083046","Address":"1678-1680 (26/1-26/2), đường Huỳnh Tấn Phát, Huyện Nhà Bè","Lat":10.701088,"Lng":106.73817},{"StationId":1147,"StationOrder":35,"StationDirection":1,"RouteId":42,"StationName":"Nha khoa Khánh Minh","pathPoints":"106.73816681,10.70079994 106.73816681,10.70079994 106.73845673,10.69941711 106.73878479,10.69839954 106.73878479,10.69839954","Address":"1901B, đường Huỳnh Tấn Phát, Huyện Nhà Bè","Lat":10.6984,"Lng":106.738785},{"StationId":1058,"StationOrder":36,"StationDirection":1,"RouteId":42,"StationName":"Công an Thị trấn Nhà Bè","pathPoints":"106.73878479,10.69839954 106.73946381,10.69636726","Address":"242 (42/7), đường Huỳnh Tấn Phát, Huyện Nhà Bè","Lat":10.695869,"Lng":106.739666},{"StationId":1061,"StationOrder":37,"StationDirection":1,"RouteId":42,"StationName":"Trường Lâm Văn Bền","pathPoints":"106.73966980,10.69586945 106.74054718,10.69344997","Address":"57/4, đường Huỳnh Tấn Phát, Huyện Nhà Bè","Lat":10.69345,"Lng":106.740546},{"StationId":1063,"StationOrder":38,"StationDirection":1,"RouteId":42,"StationName":"Chùa Lá","pathPoints":"106.74069214,10.69309998 106.74167633,10.69027042","Address":"Kế 4/11C, đường Huỳnh Tấn Phát, Huyện Nhà Bè","Lat":10.690113,"Lng":106.741694},{"StationId":1060,"StationOrder":39,"StationDirection":1,"RouteId":42,"StationName":"Ngân hàng Agribank","pathPoints":"106.74167633,10.69027042 106.74214172,10.68898010 106.74227905,10.68859005 106.74259949,10.68799973 106.74342346,10.68688965","Address":"2132, đường Huỳnh Tấn Phát, Huyện Nhà Bè","Lat":10.686992,"Lng":106.743314},{"StationId":1065,"StationOrder":40,"StationDirection":1,"RouteId":42,"StationName":"Chùa Pháp Võ","pathPoints":"106.74331665,10.68699169 106.74338531,10.68701839 106.74542236,10.68405056 106.74537659,10.68399811","Address":"536, đường Huỳnh Tấn Phát, Huyện Nhà Bè","Lat":10.683998,"Lng":106.74538},{"StationId":1062,"StationOrder":41,"StationDirection":1,"RouteId":42,"StationName":"Đào Tông Nguyên","pathPoints":"106.74537659,10.68399811 106.74544525,10.68403530 106.74650574,10.68256950 106.74682617,10.68207455 106.74676514,10.68202114","Address":"Đối diện 23/5, đường Huỳnh Tấn Phát, Huyện Nhà Bè","Lat":10.682021,"Lng":106.746764},{"StationId":1066,"StationOrder":42,"StationDirection":1,"RouteId":42,"StationName":"Công Tiến Thọ","pathPoints":"106.74676514,10.68202114 106.74678802,10.68200016 106.74761200,10.68082047 106.74803162,10.68043041 106.74870300,10.68013000 106.75013733,10.67958641 106.75080109,10.67937469 106.75080109,10.67927456","Address":"2374 (15/6B), đường Huỳnh Tấn Phát, Huyện Nhà Bè","Lat":10.679275,"Lng":106.750803},{"StationId":1064,"StationOrder":43,"StationDirection":1,"RouteId":42,"StationName":"Ngã Ba Bờ Đăng","pathPoints":"106.75080109,10.67927456 106.75186157,10.67898464 106.75308990,10.67850018 106.75319672,10.67840004","Address":"12/8H, đường Huỳnh Tấn Phát, Huyện Nhà Bè","Lat":10.6784,"Lng":106.753196},{"StationId":2138,"StationOrder":44,"StationDirection":1,"RouteId":42,"StationName":"Ủy ban xã Phú Xuân","pathPoints":"106.75319672,10.67840004 106.75381470,10.67822075 106.75441742,10.67792511","Address":"2524 (790B), đường Huỳnh Tấn Phát, Huyện Nhà Bè","Lat":10.677925,"Lng":106.754419},{"StationId":2137,"StationOrder":45,"StationDirection":1,"RouteId":42,"StationName":"Việt Long Sài Gòn","pathPoints":"106.75441742,10.67792511 106.75453949,10.67797279 106.75715637,10.67700863 106.75719452,10.67689705","Address":"Công ty Việt Long Sài Gòn, đường Huỳnh Tấn Phát, Huyện Nhà Bè","Lat":10.676897,"Lng":106.757192},{"StationId":2141,"StationOrder":46,"StationDirection":1,"RouteId":42,"StationName":"Trường Lê Văn Hưu","pathPoints":"106.75719452,10.67689705 106.75730133,10.67693996 106.75958252,10.67602730 106.75961304,10.67592239","Address":"Đối diện 74/4B, đường Huỳnh Tấn Phát, Huyện Nhà Bè","Lat":10.675922,"Lng":106.759611},{"StationId":2139,"StationOrder":47,"StationDirection":1,"RouteId":42,"StationName":"Chùa Bà Châu Đốc 2","pathPoints":"106.75961304,10.67592239 106.75973511,10.67597008 106.76266479,10.67484665 106.76268005,10.67475224","Address":"2864, đường Huỳnh Tấn Phát, Huyện Nhà Bè","Lat":10.674752,"Lng":106.76268},{"StationId":2144,"StationOrder":48,"StationDirection":1,"RouteId":42,"StationName":"Phà Bình Khánh","pathPoints":"106.76268005,10.67475224 106.76276398,10.67479897 106.76518250,10.67386150 106.76523590,10.67376137","Address":"2756, đường Huỳnh Tấn Phát, Huyện Nhà Bè","Lat":10.673761,"Lng":106.765233},{"StationId":2140,"StationOrder":49,"StationDirection":1,"RouteId":42,"StationName":"Bến xe buýt Bình Khánh","pathPoints":"106.76523590,10.67376137 106.76527405,10.67379284 106.76581573,10.67359734 106.76612091,10.67354965 106.76634216,10.67361832 106.76626587,10.67385578","Address":"BẾN XE BUÝT BÌNH KHÁNH, đường Huỳnh Tấn Phát, Huyện Nhà Bè","Lat":10.673856,"Lng":106.766263}]