{"id":110,"routeId":115,"regionId":1,"routeNo":"75","routeName":"Bến Xe Buýt Sài Gòn - Cần Giờ","totalScore":76,"ratingCount":23,"rating1Count":1,"rating2Count":2,"rating3Count":11,"rating4Count":7,"rating5Count":2,"lastUpdated":"2020-01-17T04:41:41.035Z","timeTableIn":"15600,41400,59400","timeTableOut":"27000,41400,59400","type":null,"distance":0,"tickets":null,"headway":null,"operationTime":"","outBoundDescription":"","inBoundDescription":"","normalTicket":"","studentTicket":"","monthlyTicket":"","orgs":null,"timeOfTrip":null,"totalTrip":null,"route_no_i18n":null,"route_name_i18n":null,"route_type":null,"privateRoute":false,"disabled":false,"isDeleted":null,"custom_route":null,"temporary_closed":true,"createdAt":"2019-05-25T02:49:03.386Z","updatedAt":"2020-01-17T04:42:56.878Z"}