{"id":14,"routeId":16,"regionId":1,"routeNo":"107","routeName":"Bến xe Củ Chi - Bố Heo","totalScore":70,"ratingCount":25,"rating1Count":6,"rating2Count":3,"rating3Count":8,"rating4Count":6,"rating5Count":2,"lastUpdated":"2020-03-29T04:39:43.457Z","timeTableIn":"18000,19800,21600,23100,24300,25500,27000,28500,30000,31500,33000,34500,36000,37500,39000,40500,42000,43500,45000,46500,48000,49500,51000,52500,54000,55500,57000,58500,60000,61800,63600,65400","timeTableOut":"21600,23400,25200,26700,27900,29100,30600,32100,33600,35100,36600,38100,39600,41100,42600,44100,45600,47100,48600,50100,51600,53100,54600,56100,57600,59100,60600,62100,63600,65100,66600,68400","type":null,"distance":null,"tickets":null,"headway":null,"operationTime":null,"outBoundDescription":null,"inBoundDescription":null,"normalTicket":null,"studentTicket":null,"monthlyTicket":null,"orgs":null,"timeOfTrip":null,"totalTrip":null,"route_no_i18n":null,"route_name_i18n":null,"route_type":null,"privateRoute":false,"disabled":false,"isDeleted":null,"custom_route":null,"temporary_closed":true,"createdAt":"2019-05-25T02:49:02.712Z","updatedAt":"2020-03-29T04:39:44.260Z"}