{"id":88,"routeId":93,"regionId":1,"routeNo":"62-11","routeName":"Bến Xe Quận 8 - Bến Xe Tân Tập","totalScore":82,"ratingCount":29,"rating1Count":9,"rating2Count":4,"rating3Count":6,"rating4Count":3,"rating5Count":7,"lastUpdated":"2020-01-17T04:41:41.035Z","timeTableIn":"10800,15600,17700,19500,21000,22500,24000,25500,27000,28500,30900,33300,36000,38100,40200,42300,44400,46500,48300,50700,53400,56700","timeTableOut":"21300,24300,26700,28500,30300,32100,33900,35700,37500,39300,41700,44100,46500,48300,50100,51900,53700,55500,57300,59700,62100,64800","type":null,"distance":null,"tickets":null,"headway":null,"operationTime":null,"outBoundDescription":null,"inBoundDescription":null,"normalTicket":null,"studentTicket":null,"monthlyTicket":null,"orgs":null,"timeOfTrip":null,"totalTrip":null,"route_no_i18n":null,"route_name_i18n":null,"route_type":null,"privateRoute":false,"disabled":false,"isDeleted":null,"custom_route":null,"temporary_closed":true,"createdAt":"2019-05-25T02:49:03.234Z","updatedAt":"2020-01-17T04:42:56.855Z"}