{"id":23,"routeId":22,"regionId":1,"routeNo":"124","routeName":"Phú Mỹ Hưng (khu S) - Quận 1","totalScore":67,"ratingCount":22,"rating1Count":4,"rating2Count":3,"rating3Count":6,"rating4Count":6,"rating5Count":3,"lastUpdated":"2020-01-17T04:41:41.034Z","timeTableIn":"27900,32400,36900,44100,54000,58500,63900,69300,77400","timeTableOut":"25200,29700,34200,41400,51300,55800,61200,66600,73800","type":null,"distance":0,"tickets":null,"headway":null,"operationTime":"","outBoundDescription":"","inBoundDescription":"","normalTicket":"","studentTicket":"","monthlyTicket":"","orgs":null,"timeOfTrip":null,"totalTrip":null,"route_no_i18n":null,"route_name_i18n":null,"route_type":null,"privateRoute":false,"disabled":false,"isDeleted":null,"custom_route":null,"temporary_closed":true,"createdAt":"2019-05-25T02:49:02.774Z","updatedAt":"2020-01-17T04:42:56.778Z"}