{"id":100,"routeId":110,"regionId":1,"routeNo":"70-5","routeName":"Bố Heo - Lộc Hưng","totalScore":45,"ratingCount":14,"rating1Count":0,"rating2Count":4,"rating3Count":3,"rating4Count":7,"rating5Count":0,"lastUpdated":"2020-01-17T04:41:41.035Z","timeTableIn":"17400,19200,21000,22500,23700,24900,26400,27900,29400,30900,32400,33900,35400,36900,38400,39900,41400,42900,44400,45900,47400,48900,50400,51900,53400,54900,56400,57900,59400,61200,63000,64800","timeTableOut":"23400,25200,27000,28500,29700,30900,32400,33900,35400,36900,38400,39900,41400,42900,44400,45900,47400,48900,50400,51900,53400,54900,56400,57900,59400,60900,62400,63900,65400,66900,68400,70200","type":null,"distance":null,"tickets":null,"headway":null,"operationTime":null,"outBoundDescription":null,"inBoundDescription":null,"normalTicket":null,"studentTicket":null,"monthlyTicket":null,"orgs":null,"timeOfTrip":null,"totalTrip":null,"route_no_i18n":null,"route_name_i18n":null,"route_type":null,"privateRoute":false,"disabled":false,"isDeleted":null,"custom_route":null,"temporary_closed":true,"createdAt":"2019-05-25T02:49:03.329Z","updatedAt":"2020-01-17T04:42:56.858Z"}