{"id":129,"routeId":210,"regionId":1,"routeNo":"D1","routeName":"CÔNG VIÊN 23/9 - THẢO CẦM VIÊN","totalScore":62,"ratingCount":17,"rating1Count":1,"rating2Count":2,"rating3Count":4,"rating4Count":5,"rating5Count":5,"lastUpdated":"2020-01-17T04:41:41.035Z","timeTableIn":"32400,34200,36000,37800,39600,41400,43200,45000,46800,48600,50400,52200,54000,55800,57600,59400,61200,63000,64800,66600,68400,70200,72000","timeTableOut":"32400,34200,36000,37800,39600,41400,43200,45000,46800,48600,50400,52200,54000,55800,57600,59400,61200,63000,64800,66600,68400,70200,72000","type":null,"distance":0,"tickets":null,"headway":null,"operationTime":"","outBoundDescription":"","inBoundDescription":"","normalTicket":"","studentTicket":"","monthlyTicket":"","orgs":null,"timeOfTrip":null,"totalTrip":null,"route_no_i18n":null,"route_name_i18n":null,"route_type":null,"privateRoute":false,"disabled":false,"isDeleted":null,"custom_route":null,"temporary_closed":true,"createdAt":"2019-05-25T02:49:03.535Z","updatedAt":"2020-01-17T04:42:56.883Z"}