{"id":104,"routeId":109,"regionId":1,"routeNo":"70-3","routeName":"Bến Xe Buýt Sài Gòn - Mộc Bài","totalScore":53,"ratingCount":18,"rating1Count":4,"rating2Count":3,"rating3Count":2,"rating4Count":8,"rating5Count":1,"lastUpdated":"2020-01-17T04:41:41.035Z","timeTableIn":"30600,34200,37800,41400,45000,48600,50400,52200,54000,55800,57900,60000,62100,64800,67200,69300","timeTableOut":"20400,22200,24000,25500,27300,29400,31200,33300,35400,37500,41400,44400,47700,51300,54900,58500","type":null,"distance":null,"tickets":null,"headway":null,"operationTime":null,"outBoundDescription":null,"inBoundDescription":null,"normalTicket":null,"studentTicket":null,"monthlyTicket":null,"orgs":null,"timeOfTrip":null,"totalTrip":null,"route_no_i18n":null,"route_name_i18n":null,"route_type":null,"privateRoute":false,"disabled":false,"isDeleted":null,"custom_route":null,"temporary_closed":true,"createdAt":"2019-05-25T02:49:03.344Z","updatedAt":"2020-01-20T12:14:19.512Z"}