{"id":90,"routeId":98,"regionId":1,"routeNo":"62-7","routeName":"Bến xe Chợ Lớn - Bến xe Đức Huệ","totalScore":67,"ratingCount":23,"rating1Count":5,"rating2Count":2,"rating3Count":9,"rating4Count":4,"rating5Count":3,"lastUpdated":"2020-01-17T04:41:41.035Z","timeTableIn":"17400,19800,22200,23400,25800,28200,29400,31800,34200,35400,38400,39900,41400,44400,47400,48900,51900,54900,56400,59400","timeTableOut":"18000,20400,22800,24000,26400,28800,30000,32400,34800,36000,39000,40500,42000,45000,48000,49500,52500,55800,57600,61200","type":null,"distance":null,"tickets":null,"headway":null,"operationTime":null,"outBoundDescription":null,"inBoundDescription":null,"normalTicket":null,"studentTicket":null,"monthlyTicket":null,"orgs":null,"timeOfTrip":null,"totalTrip":null,"route_no_i18n":null,"route_name_i18n":null,"route_type":null,"privateRoute":false,"disabled":false,"isDeleted":null,"custom_route":null,"temporary_closed":true,"createdAt":"2019-05-25T02:49:03.251Z","updatedAt":"2020-03-14T05:12:51.197Z"}