{"id":75,"routeId":82,"regionId":1,"routeNo":"60-3","routeName":"Bến xe Miền Đông - Khu Công nghiệp Nhơn Trạch","totalScore":78,"ratingCount":27,"rating1Count":4,"rating2Count":7,"rating3Count":6,"rating4Count":8,"rating5Count":2,"lastUpdated":"2020-01-17T04:41:41.035Z","timeTableIn":"19800,21600,22800,24000,25200,26400,27600,28800,30000,31200,32400,33600,34800,36000,37500,39000,40800,42600,44400,46200,48000,49200,50400,51600,52800,54000,55200,56400,57600,59100,60600,63000","timeTableOut":"18000,19800,21300,22800,24300,25800,27300,28800,30000,31200,32400,33600,34800,36000,37200,39000,40800,42600,44100,45600,47100,48600,50100,51600,52800,54000,55200,56400,57600,59400,61200,63000","type":null,"distance":0,"tickets":null,"headway":null,"operationTime":"","outBoundDescription":"","inBoundDescription":"","normalTicket":"","studentTicket":"","monthlyTicket":"","orgs":null,"timeOfTrip":null,"totalTrip":null,"route_no_i18n":null,"route_name_i18n":null,"route_type":null,"privateRoute":false,"disabled":false,"isDeleted":null,"custom_route":null,"temporary_closed":true,"createdAt":"2019-05-25T02:49:03.145Z","updatedAt":"2020-01-17T04:42:56.833Z"}