{"id":109,"routeId":117,"regionId":1,"routeNo":"77","routeName":"Đồng Hòa - Cần Thạnh","totalScore":76,"ratingCount":21,"rating1Count":2,"rating2Count":0,"rating3Count":5,"rating4Count":11,"rating5Count":3,"lastUpdated":"2020-03-29T04:39:43.458Z","timeTableIn":"19800,22200,24000,25800,27600,29400,31800,34200,37200,40200,42000,43800,45600,47400,49800,52200,54000,55800,58800,61800,63000,64800,66600,68400,71100","timeTableOut":"19800,22200,24000,25800,27600,29400,31800,34200,36600,39600,41400,43200,45000,47400,49800,51600,54000,55800,58200,59400,61200,63600,66000,68400,71100","type":null,"distance":null,"tickets":null,"headway":null,"operationTime":null,"outBoundDescription":null,"inBoundDescription":null,"normalTicket":null,"studentTicket":null,"monthlyTicket":null,"orgs":null,"timeOfTrip":null,"totalTrip":null,"route_no_i18n":null,"route_name_i18n":null,"route_type":null,"privateRoute":false,"disabled":false,"isDeleted":null,"custom_route":null,"temporary_closed":true,"createdAt":"2019-05-25T02:49:03.386Z","updatedAt":"2020-03-29T04:39:44.289Z"}