{"id":85,"routeId":92,"regionId":1,"routeNo":"62-10","routeName":"Bến xe Chợ Lớn - Thanh Vĩnh Đông","totalScore":96,"ratingCount":29,"rating1Count":4,"rating2Count":4,"rating3Count":5,"rating4Count":11,"rating5Count":5,"lastUpdated":"2020-01-17T04:41:41.035Z","timeTableIn":"13980,15780,17580,19380,21180,22980,24780,26580,28380,30180,31980,33780,35580,37380,39180,40980,42780,44580,46380,48180,49980,51780,53580,55380,57180","timeTableOut":"22980,24780,26580,28380,30180,31980,33780,35580,37380,39180,40980,42780,44580,46380,48180,49980,51780,53580,55380,57180,58980,60780,62580,64380,66180","type":null,"distance":null,"tickets":null,"headway":null,"operationTime":null,"outBoundDescription":null,"inBoundDescription":null,"normalTicket":null,"studentTicket":null,"monthlyTicket":null,"orgs":null,"timeOfTrip":null,"totalTrip":null,"route_no_i18n":null,"route_name_i18n":null,"route_type":null,"privateRoute":false,"disabled":false,"isDeleted":null,"custom_route":null,"temporary_closed":true,"createdAt":"2019-05-25T02:49:03.223Z","updatedAt":"2020-02-21T10:07:57.656Z"}