{"id":128,"routeId":198,"regionId":1,"routeNo":"120","routeName":"Tuyến xe buýt vòng khu vực trung tâm","totalScore":77,"ratingCount":20,"rating1Count":0,"rating2Count":2,"rating3Count":4,"rating4Count":9,"rating5Count":5,"lastUpdated":"2020-01-17T04:41:41.035Z","timeTableIn":"28800,30600,32400,34200,36000,37800,39600,41400,45000,46800,48600,50400,52200,54000,55800,57600,59400,61200,63000,64800,68400,70200,72000,73800","timeTableOut":"28800,30600,32400,34200,36000,37800,39600,41400,45000,46800,48600,50400,52200,54000,55800,57600,59400,61200,63000,64800,68400,70200,72000,73800","type":null,"distance":0,"tickets":null,"headway":null,"operationTime":"","outBoundDescription":"","inBoundDescription":"","normalTicket":"","studentTicket":"","monthlyTicket":"","orgs":null,"timeOfTrip":null,"totalTrip":null,"route_no_i18n":null,"route_name_i18n":null,"route_type":null,"privateRoute":true,"disabled":false,"isDeleted":null,"custom_route":null,"temporary_closed":true,"createdAt":"2019-05-25T02:49:03.525Z","updatedAt":"2020-03-01T13:19:21.224Z"}