{"id":138,"routeId":335,"regionId":1,"routeNo":"72-1","routeName":"Sân bay Tân Sơn Nhất – Đường cao tốc – Bến xe Vũng Tàu","totalScore":26,"ratingCount":6,"rating1Count":1,"rating2Count":0,"rating3Count":0,"rating4Count":0,"rating5Count":5,"lastUpdated":"2020-01-17T04:41:41.035Z","timeTableIn":"","timeTableOut":"","type":null,"distance":null,"tickets":null,"headway":null,"operationTime":null,"outBoundDescription":null,"inBoundDescription":null,"normalTicket":null,"studentTicket":null,"monthlyTicket":null,"orgs":null,"timeOfTrip":null,"totalTrip":null,"route_no_i18n":null,"route_name_i18n":null,"route_type":null,"privateRoute":false,"disabled":false,"isDeleted":null,"custom_route":null,"temporary_closed":true,"createdAt":"2019-06-26T00:36:35.363Z","updatedAt":"2020-01-17T04:42:56.909Z"}