{"id":83,"routeId":90,"regionId":1,"routeNo":"61-8","routeName":"Bến xe Miền Tây - Khu Du lịch Đại Nam","totalScore":75,"ratingCount":26,"rating1Count":5,"rating2Count":4,"rating3Count":9,"rating4Count":5,"rating5Count":3,"lastUpdated":"2020-01-17T04:41:41.035Z","timeTableIn":"19680,21480,23280,25080,26880,28680,30480,32700,35100,37500,39900,42300,44700,46860,48480,50460,52080,54060,55680,57660,59280,61260,62880","timeTableOut":"14400,16800,19200,21600,24000,26400,28800,30900,33000,35100,37200,39300,41400,43500,45600,47700,49800,51900,54300,56700,59100,61800,64800","type":null,"distance":null,"tickets":null,"headway":null,"operationTime":null,"outBoundDescription":null,"inBoundDescription":null,"normalTicket":null,"studentTicket":null,"monthlyTicket":null,"orgs":null,"timeOfTrip":null,"totalTrip":null,"route_no_i18n":null,"route_name_i18n":null,"route_type":null,"privateRoute":false,"disabled":false,"isDeleted":null,"custom_route":null,"temporary_closed":true,"createdAt":"2019-05-25T02:49:03.199Z","updatedAt":"2020-02-18T17:52:47.006Z"}