{"id":82,"routeId":88,"regionId":1,"routeNo":"61-6","routeName":"Bến Xe Buýt Sài Gòn - Khu Du lịch Đại Nam","totalScore":67,"ratingCount":28,"rating1Count":12,"rating2Count":3,"rating3Count":6,"rating4Count":4,"rating5Count":3,"lastUpdated":"2020-01-17T04:41:41.035Z","timeTableIn":"24600,28800,36000,40800,46800,56400,60000,63000","timeTableOut":"18900,21600,27000,33000,37800,48600,52200,55800","type":null,"distance":null,"tickets":null,"headway":null,"operationTime":null,"outBoundDescription":null,"inBoundDescription":null,"normalTicket":null,"studentTicket":null,"monthlyTicket":null,"orgs":null,"timeOfTrip":null,"totalTrip":null,"route_no_i18n":null,"route_name_i18n":null,"route_type":null,"privateRoute":false,"disabled":false,"isDeleted":null,"custom_route":null,"temporary_closed":true,"createdAt":"2019-05-25T02:49:03.197Z","updatedAt":"2020-03-05T08:50:46.105Z"}