{"id":18,"routeId":21,"regionId":1,"routeNo":"123","routeName":"Phú Mỹ Hưng (khi H) - Quận 1","totalScore":59,"ratingCount":19,"rating1Count":3,"rating2Count":1,"rating3Count":6,"rating4Count":9,"rating5Count":0,"lastUpdated":"2020-01-17T04:41:41.034Z","timeTableIn":"27000,28800,30600,32400,34200,36000,37800,39600,41400,43200,45000,48600,52200,55800,59400,63000,64800,66600,68400,70200,73800,79200","timeTableOut":"25200,27000,28800,30600,32400,34200,36000,37800,39600,41400,43200,46800,50400,54000,57600,61200,63000,64800,66600,68400,72000,75600","type":null,"distance":0,"tickets":null,"headway":null,"operationTime":"","outBoundDescription":"","inBoundDescription":"","normalTicket":"","studentTicket":"","monthlyTicket":"","orgs":null,"timeOfTrip":null,"totalTrip":null,"route_no_i18n":null,"route_name_i18n":null,"route_type":null,"privateRoute":false,"disabled":false,"isDeleted":null,"custom_route":null,"temporary_closed":true,"createdAt":"2019-05-25T02:49:02.746Z","updatedAt":"2020-02-01T11:02:24.719Z"}