{"id":135,"routeId":211,"regionId":1,"routeNo":"D3","routeName":"Riverside Resident - Cresent Mall","totalScore":78,"ratingCount":21,"rating1Count":0,"rating2Count":2,"rating3Count":3,"rating4Count":15,"rating5Count":1,"lastUpdated":"2020-01-17T04:41:41.035Z","timeTableIn":"29700,31500,33300,35100,36900,38700,40500,42300,44100,45900,47700,49500,51300,53100,54900,56700,58500,60300,62100,63900,65700,67500,69300,71100,72900,74700,76500,78300","timeTableOut":"28800,30600,32400,34200,36000,37800,39600,41400,43200,45000,46800,48600,50400,52200,54000,55800,57600,59400,61200,63000,64800,66600,68400,70200,72000,73800,75600,77400","type":null,"distance":0,"tickets":null,"headway":null,"operationTime":"","outBoundDescription":"","inBoundDescription":"","normalTicket":"","studentTicket":"","monthlyTicket":"","orgs":null,"timeOfTrip":null,"totalTrip":null,"route_no_i18n":null,"route_name_i18n":null,"route_type":null,"privateRoute":false,"disabled":false,"isDeleted":null,"custom_route":null,"temporary_closed":true,"createdAt":"2019-05-25T02:49:03.563Z","updatedAt":"2020-01-17T04:42:56.883Z"}