{"id":134,"routeId":214,"regionId":1,"routeNo":"62-6","routeName":"BX Chợ Lớn - BX Hậu Nghĩa","totalScore":70,"ratingCount":22,"rating1Count":2,"rating2Count":4,"rating3Count":4,"rating4Count":12,"rating5Count":0,"lastUpdated":"2020-01-17T04:41:41.035Z","timeTableIn":"20100,22500,26100,28500,32100,34500,38400,44400,47400,51900,54900,59400","timeTableOut":"19200,21600,25200,27600,31200,33600,37500,43500,46500,51000,54000,59400","type":null,"distance":null,"tickets":null,"headway":null,"operationTime":null,"outBoundDescription":null,"inBoundDescription":null,"normalTicket":null,"studentTicket":null,"monthlyTicket":null,"orgs":null,"timeOfTrip":null,"totalTrip":null,"route_no_i18n":null,"route_name_i18n":null,"route_type":null,"privateRoute":false,"disabled":false,"isDeleted":null,"custom_route":null,"temporary_closed":true,"createdAt":"2019-05-25T02:49:03.585Z","updatedAt":"2020-01-17T04:42:56.909Z"}